inventory_id,snapshot_date,product_id,store_id,stock_quantity,last_modified_timestamp
INV00000001,2025-01-05,P0170,S001,8,2025-01-05 23:00:00
INV00000002,2025-01-12,P0170,S001,6,2025-01-12 23:00:00
INV00000003,2025-01-19,P0170,S001,5,2025-01-19 23:00:00
INV00000004,2025-01-26,P0170,S001,5,2025-01-26 23:00:00
INV00000005,2025-02-02,P0170,S001,18,2025-02-02 23:00:00
INV00000006,2025-02-09,P0170,S001,15,2025-02-09 23:00:00
INV00000007,2025-02-16,P0170,S001,15,2025-02-16 23:00:00
INV00000008,2025-02-23,P0170,S001,13,2025-02-23 23:00:00
INV00000009,2025-03-02,P0170,S001,13,2025-03-02 23:00:00
INV00000010,2025-03-09,P0170,S001,13,2025-03-09 23:00:00
INV00000011,2025-03-16,P0170,S001,10,2025-03-16 23:00:00
INV00000012,2025-03-23,P0170,S001,10,2025-03-23 23:00:00
INV00000013,2025-03-30,P0170,S001,5,2025-03-30 23:00:00
INV00000014,2025-04-06,P0170,S001,4,2025-04-06 23:00:00
INV00000015,2025-04-13,P0170,S001,15,2025-04-13 23:00:00
INV00000016,2025-04-20,P0170,S001,13,2025-04-20 23:00:00
INV00000017,2025-04-27,P0170,S001,13,2025-04-27 23:00:00
INV00000018,2025-01-05,P0196,S001,12,2025-01-05 23:00:00
INV00000019,2025-01-12,P0196,S001,9,2025-01-12 23:00:00
INV00000020,2025-01-19,P0196,S001,7,2025-01-19 23:00:00
INV00000021,2025-01-26,P0196,S001,6,2025-01-26 23:00:00
INV00000022,2025-02-02,P0196,S001,23,2025-02-02 23:00:00
INV00000023,2025-02-09,P0196,S001,19,2025-02-09 23:00:00
INV00000024,2025-02-16,P0196,S001,17,2025-02-16 23:00:00
INV00000025,2025-02-23,P0196,S001,13,2025-02-23 23:00:00
INV00000026,2025-03-02,P0196,S001,7,2025-03-02 23:00:00
INV00000027,2025-03-09,P0196,S001,7,2025-03-09 23:00:00
INV00000028,2025-03-16,P0196,S001,19,2025-03-16 23:00:00
INV00000029,2025-03-23,P0196,S001,18,2025-03-23 23:00:00
INV00000030,2025-03-30,P0196,S001,11,2025-03-30 23:00:00
INV00000031,2025-04-06,P0196,S001,8,2025-04-06 23:00:00
INV00000032,2025-04-13,P0196,S001,24,2025-04-13 23:00:00
INV00000033,2025-04-20,P0196,S001,23,2025-04-20 23:00:00
INV00000034,2025-04-27,P0196,S001,23,2025-04-27 23:00:00
INV00000035,2025-01-05,P0169,S001,12,2025-01-05 23:00:00
INV00000036,2025-01-12,P0169,S001,12,2025-01-12 23:00:00
INV00000037,2025-01-19,P0169,S001,12,2025-01-19 23:00:00
INV00000038,2025-01-26,P0169,S001,8,2025-01-26 23:00:00
INV00000039,2025-02-02,P0169,S001,8,2025-02-02 23:00:00
INV00000040,2025-02-09,P0169,S001,6,2025-02-09 23:00:00
INV00000041,2025-02-16,P0169,S001,6,2025-02-16 23:00:00
INV00000042,2025-02-23,P0169,S001,6,2025-02-23 23:00:00
INV00000043,2025-03-02,P0169,S001,6,2025-03-02 23:00:00
INV00000044,2025-03-09,P0169,S001,17,2025-03-09 23:00:00
INV00000045,2025-03-16,P0169,S001,14,2025-03-16 23:00:00
INV00000046,2025-03-23,P0169,S001,12,2025-03-23 23:00:00
INV00000047,2025-03-30,P0169,S001,16,2025-03-30 23:00:00
INV00000048,2025-04-06,P0169,S001,15,2025-04-06 23:00:00
INV00000049,2025-04-13,P0169,S001,13,2025-04-13 23:00:00
INV00000050,2025-04-20,P0169,S001,11,2025-04-20 23:00:00
INV00000051,2025-04-27,P0169,S001,11,2025-04-27 23:00:00
INV00000052,2025-01-05,P0083,S001,11,2025-01-05 23:00:00
INV00000053,2025-01-12,P0083,S001,9,2025-01-12 23:00:00
INV00000054,2025-01-19,P0083,S001,8,2025-01-19 23:00:00
INV00000055,2025-01-26,P0083,S001,30,2025-01-26 23:00:00
INV00000056,2025-02-02,P0083,S001,30,2025-02-02 23:00:00
INV00000057,2025-02-09,P0083,S001,24,2025-02-09 23:00:00
INV00000058,2025-02-16,P0083,S001,20,2025-02-16 23:00:00
INV00000059,2025-02-23,P0083,S001,12,2025-02-23 23:00:00
INV00000060,2025-03-02,P0083,S001,7,2025-03-02 23:00:00
INV00000061,2025-03-09,P0083,S001,31,2025-03-09 23:00:00
INV00000062,2025-03-16,P0083,S001,28,2025-03-16 23:00:00
INV00000063,2025-03-23,P0083,S001,25,2025-03-23 23:00:00
INV00000064,2025-03-30,P0083,S001,22,2025-03-30 23:00:00
INV00000065,2025-04-06,P0083,S001,19,2025-04-06 23:00:00
INV00000066,2025-04-13,P0083,S001,13,2025-04-13 23:00:00
INV00000067,2025-04-20,P0083,S001,13,2025-04-20 23:00:00
INV00000068,2025-04-27,P0083,S001,7,2025-04-27 23:00:00
INV00000069,2025-01-05,P0077,S001,11,2025-01-05 23:00:00
INV00000070,2025-01-12,P0077,S001,10,2025-01-12 23:00:00
INV00000071,2025-01-19,P0077,S001,4,2025-01-19 23:00:00
INV00000072,2025-01-26,P0077,S001,16,2025-01-26 23:00:00
INV00000073,2025-02-02,P0077,S001,14,2025-02-02 23:00:00
INV00000074,2025-02-09,P0077,S001,6,2025-02-09 23:00:00
INV00000075,2025-02-16,P0077,S001,5,2025-02-16 23:00:00
INV00000076,2025-02-23,P0077,S001,5,2025-02-23 23:00:00
INV00000077,2025-03-02,P0077,S001,4,2025-03-02 23:00:00
INV00000078,2025-03-09,P0077,S001,4,2025-03-09 23:00:00
INV00000079,2025-03-16,P0077,S001,4,2025-03-16 23:00:00
INV00000080,2025-03-23,P0077,S001,15,2025-03-23 23:00:00
INV00000081,2025-03-30,P0077,S001,15,2025-03-30 23:00:00
INV00000082,2025-04-06,P0077,S001,12,2025-04-06 23:00:00
INV00000083,2025-04-13,P0077,S001,10,2025-04-13 23:00:00
INV00000084,2025-04-20,P0077,S001,10,2025-04-20 23:00:00
INV00000085,2025-04-27,P0077,S001,9,2025-04-27 23:00:00
INV00000086,2025-01-05,P0139,S001,24,2025-01-05 23:00:00
INV00000087,2025-01-12,P0139,S001,15,2025-01-12 23:00:00
INV00000088,2025-01-19,P0139,S001,38,2025-01-19 23:00:00
INV00000089,2025-01-26,P0139,S001,32,2025-01-26 23:00:00
INV00000090,2025-02-02,P0139,S001,29,2025-02-02 23:00:00
INV00000091,2025-02-09,P0139,S001,26,2025-02-09 23:00:00
INV00000092,2025-02-16,P0139,S001,22,2025-02-16 23:00:00
INV00000093,2025-02-23,P0139,S001,18,2025-02-23 23:00:00
INV00000094,2025-03-02,P0139,S001,14,2025-03-02 23:00:00
INV00000095,2025-03-09,P0139,S001,28,2025-03-09 23:00:00
INV00000096,2025-03-16,P0139,S001,24,2025-03-16 23:00:00
INV00000097,2025-03-23,P0139,S001,20,2025-03-23 23:00:00
INV00000098,2025-03-30,P0139,S001,42,2025-03-30 23:00:00
INV00000099,2025-04-06,P0139,S001,37,2025-04-06 23:00:00
INV00000100,2025-04-13,P0139,S001,25,2025-04-13 23:00:00
INV00000101,2025-04-20,P0139,S001,13,2025-04-20 23:00:00
INV00000102,2025-04-27,P0139,S001,13,2025-04-27 23:00:00
INV00000103,2025-01-05,P0167,S001,7,2025-01-05 23:00:00
INV00000104,2025-01-12,P0167,S001,17,2025-01-12 23:00:00
INV00000105,2025-01-19,P0167,S001,17,2025-01-19 23:00:00
INV00000106,2025-01-26,P0167,S001,17,2025-01-26 23:00:00
INV00000107,2025-02-02,P0167,S001,15,2025-02-02 23:00:00
INV00000108,2025-02-09,P0167,S001,15,2025-02-09 23:00:00
INV00000109,2025-02-16,P0167,S001,15,2025-02-16 23:00:00
INV00000110,2025-02-23,P0167,S001,12,2025-02-23 23:00:00
INV00000111,2025-03-02,P0167,S001,10,2025-03-02 23:00:00
INV00000112,2025-03-09,P0167,S001,10,2025-03-09 23:00:00
INV00000113,2025-03-16,P0167,S001,10,2025-03-16 23:00:00
INV00000114,2025-03-23,P0167,S001,9,2025-03-23 23:00:00
INV00000115,2025-03-30,P0167,S001,6,2025-03-30 23:00:00
INV00000116,2025-04-06,P0167,S001,18,2025-04-06 23:00:00
INV00000117,2025-04-13,P0167,S001,13,2025-04-13 23:00:00
INV00000118,2025-04-20,P0167,S001,10,2025-04-20 23:00:00
INV00000119,2025-04-27,P0167,S001,7,2025-04-27 23:00:00
INV00000120,2025-01-05,P0197,S001,48,2025-01-05 23:00:00
INV00000121,2025-01-12,P0197,S001,33,2025-01-12 23:00:00
INV00000122,2025-01-19,P0197,S001,91,2025-01-19 23:00:00
INV00000123,2025-01-26,P0197,S001,72,2025-01-26 23:00:00
INV00000124,2025-02-02,P0197,S001,69,2025-02-02 23:00:00
INV00000125,2025-02-09,P0197,S001,62,2025-02-09 23:00:00
INV00000126,2025-02-16,P0197,S001,49,2025-02-16 23:00:00
INV00000127,2025-02-23,P0197,S001,36,2025-02-23 23:00:00
INV00000128,2025-03-02,P0197,S001,95,2025-03-02 23:00:00
INV00000129,2025-03-09,P0197,S001,88,2025-03-09 23:00:00
INV00000130,2025-03-16,P0197,S001,78,2025-03-16 23:00:00
INV00000131,2025-03-23,P0197,S001,65,2025-03-23 23:00:00
INV00000132,2025-03-30,P0197,S001,46,2025-03-30 23:00:00
INV00000133,2025-04-06,P0197,S001,26,2025-04-06 23:00:00
INV00000134,2025-04-13,P0197,S001,70,2025-04-13 23:00:00
INV00000135,2025-04-20,P0197,S001,54,2025-04-20 23:00:00
INV00000136,2025-04-27,P0197,S001,45,2025-04-27 23:00:00
INV00000137,2025-01-05,P0117,S001,12,2025-01-05 23:00:00
INV00000138,2025-01-12,P0117,S001,12,2025-01-12 23:00:00
INV00000139,2025-01-19,P0117,S001,12,2025-01-19 23:00:00
INV00000140,2025-01-26,P0117,S001,12,2025-01-26 23:00:00
INV00000141,2025-02-02,P0117,S001,12,2025-02-02 23:00:00
INV00000142,2025-02-09,P0117,S001,11,2025-02-09 23:00:00
INV00000143,2025-02-16,P0117,S001,11,2025-02-16 23:00:00
INV00000144,2025-02-23,P0117,S001,11,2025-02-23 23:00:00
INV00000145,2025-03-02,P0117,S001,9,2025-03-02 23:00:00
INV00000146,2025-03-09,P0117,S001,9,2025-03-09 23:00:00
INV00000147,2025-03-16,P0117,S001,8,2025-03-16 23:00:00
INV00000148,2025-03-23,P0117,S001,8,2025-03-23 23:00:00
INV00000149,2025-03-30,P0117,S001,5,2025-03-30 23:00:00
INV00000150,2025-04-06,P0117,S001,2,2025-04-06 23:00:00
INV00000151,2025-04-13,P0117,S001,13,2025-04-13 23:00:00
INV00000152,2025-04-20,P0117,S001,13,2025-04-20 23:00:00
INV00000153,2025-04-27,P0117,S001,13,2025-04-27 23:00:00
INV00000154,2025-01-05,P0065,S001,17,2025-01-05 23:00:00
INV00000155,2025-01-12,P0065,S001,11,2025-01-12 23:00:00
INV00000156,2025-01-19,P0065,S001,36,2025-01-19 23:00:00
INV00000157,2025-01-26,P0065,S001,32,2025-01-26 23:00:00
INV00000158,2025-02-02,P0065,S001,24,2025-02-02 23:00:00
INV00000159,2025-02-09,P0065,S001,19,2025-02-09 23:00:00
INV00000160,2025-02-16,P0065,S001,14,2025-02-16 23:00:00
INV00000161,2025-02-23,P0065,S001,39,2025-02-23 23:00:00
INV00000162,2025-03-02,P0065,S001,35,2025-03-02 23:00:00
INV00000163,2025-03-09,P0065,S001,30,2025-03-09 23:00:00
INV00000164,2025-03-16,P0065,S001,20,2025-03-16 23:00:00
INV00000165,2025-03-23,P0065,S001,19,2025-03-23 23:00:00
INV00000166,2025-03-30,P0065,S001,12,2025-03-30 23:00:00
INV00000167,2025-04-06,P0065,S001,41,2025-04-06 23:00:00
INV00000168,2025-04-13,P0065,S001,40,2025-04-13 23:00:00
INV00000169,2025-04-20,P0065,S001,32,2025-04-20 23:00:00
INV00000170,2025-04-27,P0065,S001,32,2025-04-27 23:00:00
INV00000171,2025-01-05,P0191,S001,11,2025-01-05 23:00:00
INV00000172,2025-01-12,P0191,S001,9,2025-01-12 23:00:00
INV00000173,2025-01-19,P0191,S001,9,2025-01-19 23:00:00
INV00000174,2025-01-26,P0191,S001,13,2025-01-26 23:00:00
INV00000175,2025-02-02,P0191,S001,12,2025-02-02 23:00:00
INV00000176,2025-02-09,P0191,S001,12,2025-02-09 23:00:00
INV00000177,2025-02-16,P0191,S001,12,2025-02-16 23:00:00
INV00000178,2025-02-23,P0191,S001,11,2025-02-23 23:00:00
INV00000179,2025-03-02,P0191,S001,10,2025-03-02 23:00:00
INV00000180,2025-03-09,P0191,S001,10,2025-03-09 23:00:00
INV00000181,2025-03-16,P0191,S001,10,2025-03-16 23:00:00
INV00000182,2025-03-23,P0191,S001,10,2025-03-23 23:00:00
INV00000183,2025-03-30,P0191,S001,10,2025-03-30 23:00:00
INV00000184,2025-04-06,P0191,S001,10,2025-04-06 23:00:00
INV00000185,2025-04-13,P0191,S001,6,2025-04-13 23:00:00
INV00000186,2025-04-20,P0191,S001,6,2025-04-20 23:00:00
INV00000187,2025-04-27,P0191,S001,6,2025-04-27 23:00:00
INV00000188,2025-01-05,P0082,S001,13,2025-01-05 23:00:00
INV00000189,2025-01-12,P0082,S001,10,2025-01-12 23:00:00
INV00000190,2025-01-19,P0082,S001,22,2025-01-19 23:00:00
INV00000191,2025-01-26,P0082,S001,22,2025-01-26 23:00:00
INV00000192,2025-02-02,P0082,S001,11,2025-02-02 23:00:00
INV00000193,2025-02-09,P0082,S001,11,2025-02-09 23:00:00
INV00000194,2025-02-16,P0082,S001,11,2025-02-16 23:00:00
INV00000195,2025-02-23,P0082,S001,6,2025-02-23 23:00:00
INV00000196,2025-03-02,P0082,S001,25,2025-03-02 23:00:00
INV00000197,2025-03-09,P0082,S001,20,2025-03-09 23:00:00
INV00000198,2025-03-16,P0082,S001,13,2025-03-16 23:00:00
INV00000199,2025-03-23,P0082,S001,13,2025-03-23 23:00:00
INV00000200,2025-03-30,P0082,S001,13,2025-03-30 23:00:00
INV00000201,2025-04-06,P0082,S001,13,2025-04-06 23:00:00
INV00000202,2025-04-13,P0082,S001,8,2025-04-13 23:00:00
INV00000203,2025-04-20,P0082,S001,23,2025-04-20 23:00:00
INV00000204,2025-04-27,P0082,S001,23,2025-04-27 23:00:00
INV00000205,2025-01-05,P0123,S001,6,2025-01-05 23:00:00
INV00000206,2025-01-12,P0123,S001,20,2025-01-12 23:00:00
INV00000207,2025-01-19,P0123,S001,18,2025-01-19 23:00:00
INV00000208,2025-01-26,P0123,S001,14,2025-01-26 23:00:00
INV00000209,2025-02-02,P0123,S001,9,2025-02-02 23:00:00
INV00000210,2025-02-09,P0123,S001,7,2025-02-09 23:00:00
INV00000211,2025-02-16,P0123,S001,24,2025-02-16 23:00:00
INV00000212,2025-02-23,P0123,S001,22,2025-02-23 23:00:00
INV00000213,2025-03-02,P0123,S001,22,2025-03-02 23:00:00
INV00000214,2025-03-09,P0123,S001,22,2025-03-09 23:00:00
INV00000215,2025-03-16,P0123,S001,17,2025-03-16 23:00:00
INV00000216,2025-03-23,P0123,S001,16,2025-03-23 23:00:00
INV00000217,2025-03-30,P0123,S001,9,2025-03-30 23:00:00
INV00000218,2025-04-06,P0123,S001,9,2025-04-06 23:00:00
INV00000219,2025-04-13,P0123,S001,9,2025-04-13 23:00:00
INV00000220,2025-04-20,P0123,S001,9,2025-04-20 23:00:00
INV00000221,2025-04-27,P0123,S001,8,2025-04-27 23:00:00
INV00000222,2025-01-05,P0148,S001,12,2025-01-05 23:00:00
INV00000223,2025-01-12,P0148,S001,12,2025-01-12 23:00:00
INV00000224,2025-01-19,P0148,S001,12,2025-01-19 23:00:00
INV00000225,2025-01-26,P0148,S001,12,2025-01-26 23:00:00
INV00000226,2025-02-02,P0148,S001,9,2025-02-02 23:00:00
INV00000227,2025-02-09,P0148,S001,8,2025-02-09 23:00:00
INV00000228,2025-02-16,P0148,S001,7,2025-02-16 23:00:00
INV00000229,2025-02-23,P0148,S001,4,2025-02-23 23:00:00
INV00000230,2025-03-02,P0148,S001,4,2025-03-02 23:00:00
INV00000231,2025-03-09,P0148,S001,3,2025-03-09 23:00:00
INV00000232,2025-03-16,P0148,S001,3,2025-03-16 23:00:00
INV00000233,2025-03-23,P0148,S001,3,2025-03-23 23:00:00
INV00000234,2025-03-30,P0148,S001,3,2025-03-30 23:00:00
INV00000235,2025-04-06,P0148,S001,3,2025-04-06 23:00:00
INV00000236,2025-04-13,P0148,S001,13,2025-04-13 23:00:00
INV00000237,2025-04-20,P0148,S001,10,2025-04-20 23:00:00
INV00000238,2025-04-27,P0148,S001,10,2025-04-27 23:00:00
INV00000239,2025-01-05,P0084,S001,24,2025-01-05 23:00:00
INV00000240,2025-01-12,P0084,S001,22,2025-01-12 23:00:00
INV00000241,2025-01-19,P0084,S001,18,2025-01-19 23:00:00
INV00000242,2025-01-26,P0084,S001,15,2025-01-26 23:00:00
INV00000243,2025-02-02,P0084,S001,52,2025-02-02 23:00:00
INV00000244,2025-02-09,P0084,S001,50,2025-02-09 23:00:00
INV00000245,2025-02-16,P0084,S001,49,2025-02-16 23:00:00
INV00000246,2025-02-23,P0084,S001,47,2025-02-23 23:00:00
INV00000247,2025-03-02,P0084,S001,40,2025-03-02 23:00:00
INV00000248,2025-03-09,P0084,S001,19,2025-03-09 23:00:00
INV00000249,2025-03-16,P0084,S001,43,2025-03-16 23:00:00
INV00000250,2025-03-23,P0084,S001,22,2025-03-23 23:00:00
INV00000251,2025-03-30,P0084,S001,52,2025-03-30 23:00:00
INV00000252,2025-04-06,P0084,S001,48,2025-04-06 23:00:00
INV00000253,2025-04-13,P0084,S001,41,2025-04-13 23:00:00
INV00000254,2025-04-20,P0084,S001,37,2025-04-20 23:00:00
INV00000255,2025-04-27,P0084,S001,33,2025-04-27 23:00:00
INV00000256,2025-01-05,P0111,S001,16,2025-01-05 23:00:00
INV00000257,2025-01-12,P0111,S001,14,2025-01-12 23:00:00
INV00000258,2025-01-19,P0111,S001,34,2025-01-19 23:00:00
INV00000259,2025-01-26,P0111,S001,32,2025-01-26 23:00:00
INV00000260,2025-02-02,P0111,S001,28,2025-02-02 23:00:00
INV00000261,2025-02-09,P0111,S001,19,2025-02-09 23:00:00
INV00000262,2025-02-16,P0111,S001,17,2025-02-16 23:00:00
INV00000263,2025-02-23,P0111,S001,17,2025-02-23 23:00:00
INV00000264,2025-03-02,P0111,S001,12,2025-03-02 23:00:00
INV00000265,2025-03-09,P0111,S001,33,2025-03-09 23:00:00
INV00000266,2025-03-16,P0111,S001,25,2025-03-16 23:00:00
INV00000267,2025-03-23,P0111,S001,17,2025-03-23 23:00:00
INV00000268,2025-03-30,P0111,S001,12,2025-03-30 23:00:00
INV00000269,2025-04-06,P0111,S001,34,2025-04-06 23:00:00
INV00000270,2025-04-13,P0111,S001,32,2025-04-13 23:00:00
INV00000271,2025-04-20,P0111,S001,27,2025-04-20 23:00:00
INV00000272,2025-04-27,P0111,S001,24,2025-04-27 23:00:00
INV00000273,2025-01-05,P0209,S001,12,2025-01-05 23:00:00
INV00000274,2025-01-12,P0209,S001,12,2025-01-12 23:00:00
INV00000275,2025-01-19,P0209,S001,10,2025-01-19 23:00:00
INV00000276,2025-01-26,P0209,S001,9,2025-01-26 23:00:00
INV00000277,2025-02-02,P0209,S001,9,2025-02-02 23:00:00
INV00000278,2025-02-09,P0209,S001,6,2025-02-09 23:00:00
INV00000279,2025-02-16,P0209,S001,6,2025-02-16 23:00:00
INV00000280,2025-02-23,P0209,S001,6,2025-02-23 23:00:00
INV00000281,2025-03-02,P0209,S001,14,2025-03-02 23:00:00
INV00000282,2025-03-09,P0209,S001,11,2025-03-09 23:00:00
INV00000283,2025-03-16,P0209,S001,11,2025-03-16 23:00:00
INV00000284,2025-03-23,P0209,S001,11,2025-03-23 23:00:00
INV00000285,2025-03-30,P0209,S001,11,2025-03-30 23:00:00
INV00000286,2025-04-06,P0209,S001,4,2025-04-06 23:00:00
INV00000287,2025-04-13,P0209,S001,4,2025-04-13 23:00:00
INV00000288,2025-04-20,P0209,S001,4,2025-04-20 23:00:00
INV00000289,2025-04-27,P0209,S001,4,2025-04-27 23:00:00
INV00000290,2025-01-05,P0017,S001,11,2025-01-05 23:00:00
INV00000291,2025-01-12,P0017,S001,11,2025-01-12 23:00:00
INV00000292,2025-01-19,P0017,S001,11,2025-01-19 23:00:00
INV00000293,2025-01-26,P0017,S001,11,2025-01-26 23:00:00
INV00000294,2025-02-02,P0017,S001,11,2025-02-02 23:00:00
INV00000295,2025-02-09,P0017,S001,11,2025-02-09 23:00:00
INV00000296,2025-02-16,P0017,S001,7,2025-02-16 23:00:00
INV00000297,2025-02-23,P0017,S001,5,2025-02-23 23:00:00
INV00000298,2025-03-02,P0017,S001,5,2025-03-02 23:00:00
INV00000299,2025-03-09,P0017,S001,13,2025-03-09 23:00:00
INV00000300,2025-03-16,P0017,S001,13,2025-03-16 23:00:00
INV00000301,2025-03-23,P0017,S001,12,2025-03-23 23:00:00
INV00000302,2025-03-30,P0017,S001,10,2025-03-30 23:00:00
INV00000303,2025-04-06,P0017,S001,4,2025-04-06 23:00:00
INV00000304,2025-04-13,P0017,S001,4,2025-04-13 23:00:00
INV00000305,2025-04-20,P0017,S001,4,2025-04-20 23:00:00
INV00000306,2025-04-27,P0017,S001,13,2025-04-27 23:00:00
INV00000307,2025-01-05,P0051,S001,20,2025-01-05 23:00:00
INV00000308,2025-01-12,P0051,S001,15,2025-01-12 23:00:00
INV00000309,2025-01-19,P0051,S001,12,2025-01-19 23:00:00
INV00000310,2025-01-26,P0051,S001,20,2025-01-26 23:00:00
INV00000311,2025-02-02,P0051,S001,33,2025-02-02 23:00:00
INV00000312,2025-02-09,P0051,S001,32,2025-02-09 23:00:00
INV00000313,2025-02-16,P0051,S001,26,2025-02-16 23:00:00
INV00000314,2025-02-23,P0051,S001,25,2025-02-23 23:00:00
INV00000315,2025-03-02,P0051,S001,24,2025-03-02 23:00:00
INV00000316,2025-03-09,P0051,S001,19,2025-03-09 23:00:00
INV00000317,2025-03-16,P0051,S001,16,2025-03-16 23:00:00
INV00000318,2025-03-23,P0051,S001,16,2025-03-23 23:00:00
INV00000319,2025-03-30,P0051,S001,15,2025-03-30 23:00:00
INV00000320,2025-04-06,P0051,S001,14,2025-04-06 23:00:00
INV00000321,2025-04-13,P0051,S001,12,2025-04-13 23:00:00
INV00000322,2025-04-20,P0051,S001,29,2025-04-20 23:00:00
INV00000323,2025-04-27,P0051,S001,26,2025-04-27 23:00:00
INV00000324,2025-01-05,P0114,S001,9,2025-01-05 23:00:00
INV00000325,2025-01-12,P0114,S001,9,2025-01-12 23:00:00
INV00000326,2025-01-19,P0114,S001,9,2025-01-19 23:00:00
INV00000327,2025-01-26,P0114,S001,7,2025-01-26 23:00:00
INV00000328,2025-02-02,P0114,S001,4,2025-02-02 23:00:00
INV00000329,2025-02-09,P0114,S001,4,2025-02-09 23:00:00
INV00000330,2025-02-16,P0114,S001,4,2025-02-16 23:00:00
INV00000331,2025-02-23,P0114,S001,19,2025-02-23 23:00:00
INV00000332,2025-03-02,P0114,S001,19,2025-03-02 23:00:00
INV00000333,2025-03-09,P0114,S001,19,2025-03-09 23:00:00
INV00000334,2025-03-16,P0114,S001,17,2025-03-16 23:00:00
INV00000335,2025-03-23,P0114,S001,15,2025-03-23 23:00:00
INV00000336,2025-03-30,P0114,S001,14,2025-03-30 23:00:00
INV00000337,2025-04-06,P0114,S001,11,2025-04-06 23:00:00
INV00000338,2025-04-13,P0114,S001,6,2025-04-13 23:00:00
INV00000339,2025-04-20,P0114,S001,4,2025-04-20 23:00:00
INV00000340,2025-04-27,P0114,S001,17,2025-04-27 23:00:00
INV00000341,2025-01-05,P0141,S001,12,2025-01-05 23:00:00
INV00000342,2025-01-12,P0141,S001,11,2025-01-12 23:00:00
INV00000343,2025-01-19,P0141,S001,8,2025-01-19 23:00:00
INV00000344,2025-01-26,P0141,S001,15,2025-01-26 23:00:00
INV00000345,2025-02-02,P0141,S001,14,2025-02-02 23:00:00
INV00000346,2025-02-09,P0141,S001,11,2025-02-09 23:00:00
INV00000347,2025-02-16,P0141,S001,11,2025-02-16 23:00:00
INV00000348,2025-02-23,P0141,S001,9,2025-02-23 23:00:00
INV00000349,2025-03-02,P0141,S001,9,2025-03-02 23:00:00
INV00000350,2025-03-09,P0141,S001,7,2025-03-09 23:00:00
INV00000351,2025-03-16,P0141,S001,7,2025-03-16 23:00:00
INV00000352,2025-03-23,P0141,S001,7,2025-03-23 23:00:00
INV00000353,2025-03-30,P0141,S001,7,2025-03-30 23:00:00
INV00000354,2025-04-06,P0141,S001,13,2025-04-06 23:00:00
INV00000355,2025-04-13,P0141,S001,13,2025-04-13 23:00:00
INV00000356,2025-04-20,P0141,S001,10,2025-04-20 23:00:00
INV00000357,2025-04-27,P0141,S001,10,2025-04-27 23:00:00
INV00000358,2025-01-05,P0104,S001,12,2025-01-05 23:00:00
INV00000359,2025-01-12,P0104,S001,12,2025-01-12 23:00:00
INV00000360,2025-01-19,P0104,S001,12,2025-01-19 23:00:00
INV00000361,2025-01-26,P0104,S001,12,2025-01-26 23:00:00
INV00000362,2025-02-02,P0104,S001,10,2025-02-02 23:00:00
INV00000363,2025-02-09,P0104,S001,10,2025-02-09 23:00:00
INV00000364,2025-02-16,P0104,S001,8,2025-02-16 23:00:00
INV00000365,2025-02-23,P0104,S001,5,2025-02-23 23:00:00
INV00000366,2025-03-02,P0104,S001,3,2025-03-02 23:00:00
INV00000367,2025-03-09,P0104,S001,3,2025-03-09 23:00:00
INV00000368,2025-03-16,P0104,S001,3,2025-03-16 23:00:00
INV00000369,2025-03-23,P0104,S001,3,2025-03-23 23:00:00
INV00000370,2025-03-30,P0104,S001,3,2025-03-30 23:00:00
INV00000371,2025-04-06,P0104,S001,3,2025-04-06 23:00:00
INV00000372,2025-04-13,P0104,S001,2,2025-04-13 23:00:00
INV00000373,2025-04-20,P0104,S001,13,2025-04-20 23:00:00
INV00000374,2025-04-27,P0104,S001,13,2025-04-27 23:00:00
INV00000375,2025-01-05,P0003,S001,32,2025-01-05 23:00:00
INV00000376,2025-01-12,P0003,S001,24,2025-01-12 23:00:00
INV00000377,2025-01-19,P0003,S001,69,2025-01-19 23:00:00
INV00000378,2025-01-26,P0003,S001,60,2025-01-26 23:00:00
INV00000379,2025-02-02,P0003,S001,55,2025-02-02 23:00:00
INV00000380,2025-02-09,P0003,S001,45,2025-02-09 23:00:00
INV00000381,2025-02-16,P0003,S001,27,2025-02-16 23:00:00
INV00000382,2025-02-23,P0003,S001,55,2025-02-23 23:00:00
INV00000383,2025-03-02,P0003,S001,42,2025-03-02 23:00:00
INV00000384,2025-03-09,P0003,S001,30,2025-03-09 23:00:00
INV00000385,2025-03-16,P0003,S001,69,2025-03-16 23:00:00
INV00000386,2025-03-23,P0003,S001,49,2025-03-23 23:00:00
INV00000387,2025-03-30,P0003,S001,34,2025-03-30 23:00:00
INV00000388,2025-04-06,P0003,S001,23,2025-04-06 23:00:00
INV00000389,2025-04-13,P0003,S001,55,2025-04-13 23:00:00
INV00000390,2025-04-20,P0003,S001,46,2025-04-20 23:00:00
INV00000391,2025-04-27,P0003,S001,43,2025-04-27 23:00:00
INV00000392,2025-01-05,P0105,S001,12,2025-01-05 23:00:00
INV00000393,2025-01-12,P0105,S001,12,2025-01-12 23:00:00
INV00000394,2025-01-19,P0105,S001,12,2025-01-19 23:00:00
INV00000395,2025-01-26,P0105,S001,12,2025-01-26 23:00:00
INV00000396,2025-02-02,P0105,S001,10,2025-02-02 23:00:00
INV00000397,2025-02-09,P0105,S001,10,2025-02-09 23:00:00
INV00000398,2025-02-16,P0105,S001,8,2025-02-16 23:00:00
INV00000399,2025-02-23,P0105,S001,8,2025-02-23 23:00:00
INV00000400,2025-03-02,P0105,S001,6,2025-03-02 23:00:00
INV00000401,2025-03-09,P0105,S001,6,2025-03-09 23:00:00
INV00000402,2025-03-16,P0105,S001,6,2025-03-16 23:00:00
INV00000403,2025-03-23,P0105,S001,5,2025-03-23 23:00:00
INV00000404,2025-03-30,P0105,S001,4,2025-03-30 23:00:00
INV00000405,2025-04-06,P0105,S001,4,2025-04-06 23:00:00
INV00000406,2025-04-13,P0105,S001,4,2025-04-13 23:00:00
INV00000407,2025-04-20,P0105,S001,4,2025-04-20 23:00:00
INV00000408,2025-04-27,P0105,S001,4,2025-04-27 23:00:00
INV00000409,2025-01-05,P0150,S001,298,2025-01-05 23:00:00
INV00000410,2025-01-12,P0150,S001,204,2025-01-12 23:00:00
INV00000411,2025-01-19,P0150,S001,512,2025-01-19 23:00:00
INV00000412,2025-01-26,P0150,S001,415,2025-01-26 23:00:00
INV00000413,2025-02-02,P0150,S001,337,2025-02-02 23:00:00
INV00000414,2025-02-09,P0150,S001,267,2025-02-09 23:00:00
INV00000415,2025-02-16,P0150,S001,182,2025-02-16 23:00:00
INV00000416,2025-02-23,P0150,S001,488,2025-02-23 23:00:00
INV00000417,2025-03-02,P0150,S001,415,2025-03-02 23:00:00
INV00000418,2025-03-09,P0150,S001,349,2025-03-09 23:00:00
INV00000419,2025-03-16,P0150,S001,289,2025-03-16 23:00:00
INV00000420,2025-03-23,P0150,S001,197,2025-03-23 23:00:00
INV00000421,2025-03-30,P0150,S001,435,2025-03-30 23:00:00
INV00000422,2025-04-06,P0150,S001,371,2025-04-06 23:00:00
INV00000423,2025-04-13,P0150,S001,311,2025-04-13 23:00:00
INV00000424,2025-04-20,P0150,S001,223,2025-04-20 23:00:00
INV00000425,2025-04-27,P0150,S001,185,2025-04-27 23:00:00
INV00000426,2025-01-05,P0093,S001,11,2025-01-05 23:00:00
INV00000427,2025-01-12,P0093,S001,11,2025-01-12 23:00:00
INV00000428,2025-01-19,P0093,S001,24,2025-01-19 23:00:00
INV00000429,2025-01-26,P0093,S001,17,2025-01-26 23:00:00
INV00000430,2025-02-02,P0093,S001,13,2025-02-02 23:00:00
INV00000431,2025-02-09,P0093,S001,30,2025-02-09 23:00:00
INV00000432,2025-02-16,P0093,S001,28,2025-02-16 23:00:00
INV00000433,2025-02-23,P0093,S001,23,2025-02-23 23:00:00
INV00000434,2025-03-02,P0093,S001,19,2025-03-02 23:00:00
INV00000435,2025-03-09,P0093,S001,16,2025-03-09 23:00:00
INV00000436,2025-03-16,P0093,S001,12,2025-03-16 23:00:00
INV00000437,2025-03-23,P0093,S001,10,2025-03-23 23:00:00
INV00000438,2025-03-30,P0093,S001,10,2025-03-30 23:00:00
INV00000439,2025-04-06,P0093,S001,20,2025-04-06 23:00:00
INV00000440,2025-04-13,P0093,S001,16,2025-04-13 23:00:00
INV00000441,2025-04-20,P0093,S001,12,2025-04-20 23:00:00
INV00000442,2025-04-27,P0093,S001,9,2025-04-27 23:00:00
INV00000443,2025-01-05,P0046,S001,17,2025-01-05 23:00:00
INV00000444,2025-01-12,P0046,S001,12,2025-01-12 23:00:00
INV00000445,2025-01-19,P0046,S001,32,2025-01-19 23:00:00
INV00000446,2025-01-26,P0046,S001,23,2025-01-26 23:00:00
INV00000447,2025-02-02,P0046,S001,22,2025-02-02 23:00:00
INV00000448,2025-02-09,P0046,S001,15,2025-02-09 23:00:00
INV00000449,2025-02-16,P0046,S001,13,2025-02-16 23:00:00
INV00000450,2025-02-23,P0046,S001,10,2025-02-23 23:00:00
INV00000451,2025-03-02,P0046,S001,39,2025-03-02 23:00:00
INV00000452,2025-03-09,P0046,S001,38,2025-03-09 23:00:00
INV00000453,2025-03-16,P0046,S001,35,2025-03-16 23:00:00
INV00000454,2025-03-23,P0046,S001,31,2025-03-23 23:00:00
INV00000455,2025-03-30,P0046,S001,20,2025-03-30 23:00:00
INV00000456,2025-04-06,P0046,S001,17,2025-04-06 23:00:00
INV00000457,2025-04-13,P0046,S001,12,2025-04-13 23:00:00
INV00000458,2025-04-20,P0046,S001,23,2025-04-20 23:00:00
INV00000459,2025-04-27,P0046,S001,21,2025-04-27 23:00:00
INV00000460,2025-01-05,P0172,S001,122,2025-01-05 23:00:00
INV00000461,2025-01-12,P0172,S001,100,2025-01-12 23:00:00
INV00000462,2025-01-19,P0172,S001,62,2025-01-19 23:00:00
INV00000463,2025-01-26,P0172,S001,159,2025-01-26 23:00:00
INV00000464,2025-02-02,P0172,S001,138,2025-02-02 23:00:00
INV00000465,2025-02-09,P0172,S001,114,2025-02-09 23:00:00
INV00000466,2025-02-16,P0172,S001,92,2025-02-16 23:00:00
INV00000467,2025-02-23,P0172,S001,72,2025-02-23 23:00:00
INV00000468,2025-03-02,P0172,S001,58,2025-03-02 23:00:00
INV00000469,2025-03-09,P0172,S001,183,2025-03-09 23:00:00
INV00000470,2025-03-16,P0172,S001,167,2025-03-16 23:00:00
INV00000471,2025-03-23,P0172,S001,146,2025-03-23 23:00:00
INV00000472,2025-03-30,P0172,S001,124,2025-03-30 23:00:00
INV00000473,2025-04-06,P0172,S001,96,2025-04-06 23:00:00
INV00000474,2025-04-13,P0172,S001,133,2025-04-13 23:00:00
INV00000475,2025-04-20,P0172,S001,79,2025-04-20 23:00:00
INV00000476,2025-04-27,P0172,S001,175,2025-04-27 23:00:00
INV00000477,2025-01-05,P0027,S001,7,2025-01-05 23:00:00
INV00000478,2025-01-12,P0027,S001,14,2025-01-12 23:00:00
INV00000479,2025-01-19,P0027,S001,14,2025-01-19 23:00:00
INV00000480,2025-01-26,P0027,S001,14,2025-01-26 23:00:00
INV00000481,2025-02-02,P0027,S001,11,2025-02-02 23:00:00
INV00000482,2025-02-09,P0027,S001,11,2025-02-09 23:00:00
INV00000483,2025-02-16,P0027,S001,11,2025-02-16 23:00:00
INV00000484,2025-02-23,P0027,S001,11,2025-02-23 23:00:00
INV00000485,2025-03-02,P0027,S001,11,2025-03-02 23:00:00
INV00000486,2025-03-09,P0027,S001,10,2025-03-09 23:00:00
INV00000487,2025-03-16,P0027,S001,10,2025-03-16 23:00:00
INV00000488,2025-03-23,P0027,S001,10,2025-03-23 23:00:00
INV00000489,2025-03-30,P0027,S001,9,2025-03-30 23:00:00
INV00000490,2025-04-06,P0027,S001,8,2025-04-06 23:00:00
INV00000491,2025-04-13,P0027,S001,6,2025-04-13 23:00:00
INV00000492,2025-04-20,P0027,S001,4,2025-04-20 23:00:00
INV00000493,2025-04-27,P0027,S001,4,2025-04-27 23:00:00
INV00000494,2025-01-05,P0056,S001,12,2025-01-05 23:00:00
INV00000495,2025-01-12,P0056,S001,12,2025-01-12 23:00:00
INV00000496,2025-01-19,P0056,S001,11,2025-01-19 23:00:00
INV00000497,2025-01-26,P0056,S001,11,2025-01-26 23:00:00
INV00000498,2025-02-02,P0056,S001,11,2025-02-02 23:00:00
INV00000499,2025-02-09,P0056,S001,9,2025-02-09 23:00:00
INV00000500,2025-02-16,P0056,S001,9,2025-02-16 23:00:00
