transaction_id,transaction_timestamp,product_id,store_id,quantity,unit_price,discount_amount,campaign_id,last_modified_timestamp
TXN00068420,2025-03-06 10:44:16,P0210,S015,2,11.89,1.36,,2025-03-06 10:44:16
TXN00079971,2025-03-16 16:15:01,P0189,S026,1,4.6,0.0,,2025-03-16 16:15:01
TXN00018511,2025-01-19 13:22:16,P0136,S015,2,27.95,0.0,,2025-01-19 13:22:16
TXN00104875,2025-04-07 18:14:49,P0171,S027,1,9.44,0.0,,2025-04-07 18:14:49
TXN00086631,2025-03-22 11:06:25,P0072,S024,2,11.71,0.0,,2025-04-14 11:06:25
TXN00118340,2025-04-19 16:41:35,P0172,S015,2,3.71,1.48,C018,2025-04-19 16:41:35
TXN00025549,2025-01-25 11:50:32,P0146,S001,1,1.85,0.04,,2025-01-25 11:50:32
TXN00083901,2025-03-20 20:33:27,P0015,S024,1,7.05,0.0,,2025-03-20 20:33:27
TXN00051005,2025-02-18 11:51:17,P0120,S026,2,9.71,0.0,,2025-02-18 11:51:17
TXN00091168,2025-03-27 20:22:44,P0172,S015,3,3.79,0.0,,2025-03-27 20:22:44
TXN00109333,2025-04-11 17:01:42,P0189,S017,1,4.81,0.0,,2025-04-11 17:01:42
TXN00046503,2025-02-14 18:24:34,P0197,S016,2,26.55,0.0,,2025-02-14 18:24:34
TXN00005485,2025-01-05 19:41:57,P0025,S011,2,1.43,0.18,,2025-01-05 19:41:57
TXN00013439,2025-01-13 11:12:11,P0212,S001,1,4.57,0.0,,2025-01-13 11:12:11
TXN00121522,2025-04-21 13:39:32,P0142,S005,2,3.77,0.0,,2025-04-21 13:39:32
TXN00124048,2025-04-24 18:26:41,P0172,S014,3,3.61,2.17,C018,2025-04-24 18:26:41
TXN00079370,2025-03-16 18:40:39,P0142,S006,1,3.85,0.0,,2025-03-16 18:40:39
TXN00118487,2025-04-19 10:48:20,P0201,S024,3,9.55,0.0,,2025-04-19 10:48:20
TXN00130445,2025-04-29 12:27:39,P0094,S001,1,3.14,0.0,,2025-04-29 12:27:39
TXN00024831,2025-01-25 16:45:47,P0125,S006,2,11.5,0.0,,2025-01-25 16:45:47
TXN00026358,2025-01-26 18:23:15,P0069,S003,4,10.44,0.0,,2025-01-26 18:23:15
TXN00060042,2025-02-27 12:13:56,P0068,S019,1,2.62,1.05,C036,2025-02-27 12:13:56
TXN00128793,2025-04-27 20:14:59,P0207,S018,1,13.18,0.0,,2025-04-27 20:14:59
TXN00069853,2025-03-07 17:07:48,P0220,S027,1,9.6,0.0,,2025-03-07 17:07:48
TXN00080451,2025-03-16 15:54:17,P0068,S024,2,2.61,0.0,,2025-03-16 15:54:17
TXN00011317,2025-01-11 15:37:47,P0034,S013,1,8.6,0.0,,2025-01-11 15:37:47
TXN00041694,2025-02-09 14:42:59,P0204,S006,1,9.5,0.0,,2025-02-09 14:42:59
TXN00090091,2025-03-26 18:17:44,P0142,S006,4,3.76,0.0,,2025-03-26 18:17:44
TXN00066384,2025-03-04 08:51:33,P0170,S018,2,3.55,0.0,,2025-03-04 08:51:33
TXN00009917,2025-01-10 14:24:01,P0059,S001,4,18.92,0.0,,2025-01-10 14:24:01
TXN00030718,2025-01-31 13:05:26,P0215,S018,2,9.02,0.0,,2025-01-31 13:05:26
TXN00061000,2025-02-28 12:16:55,P0203,S020,1,7.59,0.0,,2025-02-28 12:16:55
TXN00107912,2025-04-10 16:34:44,P0079,S027,1,5.38,0.0,,2025-04-10 16:34:44
TXN00090952,2025-03-27 09:22:28,P0197,S001,1,26.06,0.0,,2025-03-27 09:22:28
TXN00088844,2025-03-24 13:49:42,P0172,S008,3,3.79,0.0,,2025-03-24 13:49:42
TXN00033947,2025-02-02 12:10:56,P0189,S014,3,4.66,0.0,,2025-02-02 12:10:56
TXN00131197,2025-04-30 21:28:26,P0103,S015,1,2.38,0.0,,2025-04-30 21:28:26
TXN00122154,2025-04-22 19:54:12,P0207,S023,2,13.18,0.0,,2025-04-22 19:54:12
TXN00091399,2025-03-27 18:53:20,P0131,S013,2,2.12,0.0,,2025-03-27 18:53:20
TXN00009800,2025-01-10 18:43:26,P0041,S024,1,6.71,0.0,,2025-01-10 18:43:26
TXN00055153,2025-02-22 11:51:24,P0197,S013,3,26.56,0.0,,2025-02-22 11:51:24
TXN00103727,2025-04-06 17:38:04,P0064,S011,2,19.76,0.0,,2025-04-06 17:38:04
TXN00058884,2025-02-26 16:49:17,P0084,S004,1,16.26,0.96,,2025-02-26 16:49:17
TXN00034460,2025-02-02 20:00:15,P0015,S014,1,7.18,0.0,,2025-02-02 20:00:15
TXN00054248,2025-02-22 16:15:18,P0150,S004,1,15.18,0.0,,2025-02-22 16:15:18
TXN00011366,2025-01-11 12:39:38,P0187,S008,2,5.21,0.0,,2025-01-11 12:39:38
TXN00070565,2025-03-08 13:24:54,P0161,S013,2,2.98,0.89,C011,2025-03-08 13:24:54
TXN00073459,2025-03-10 17:28:35,P0086,S027,1,17.83,1.29,,2025-03-10 17:28:35
TXN00055240,2025-02-22 13:01:28,P0115,S015,1,7.07,0.0,,2025-02-22 13:01:28
TXN00065266,2025-03-03 16:37:07,P0068,S013,3,2.5,3.0,C036,2025-03-03 16:37:07
TXN00091629,2025-03-27 17:52:59,P0068,S015,2,2.55,0.0,,2025-03-27 17:52:59
TXN00095871,2025-03-30 18:15:44,P0218,S014,1,6.83,0.0,,2025-03-30 18:15:44
TXN00008447,2025-01-09 12:22:14,P0096,S015,1,16.15,0.0,,2025-01-09 12:22:14
TXN00061948,2025-03-01 10:50:02,P0087,S018,5,12.72,19.08,C029,2025-03-01 10:50:02
TXN00104180,2025-04-06 12:03:02,P0203,S014,3,7.33,1.16,,2025-04-06 12:03:02
TXN00066103,2025-03-04 17:32:42,P0198,S012,3,11.83,0.0,,2025-03-04 17:32:42
TXN00097855,2025-04-01 19:04:31,P0003,S003,5,11.73,0.0,,2025-04-01 19:04:31
TXN00054409,2025-02-22 19:02:43,P0082,S008,1,13.5,0.0,,2025-02-22 19:02:43
TXN00002664,2025-01-03 16:11:07,P0217,S009,1,8.99,0.0,,2025-01-03 16:11:07
TXN00033487,2025-02-02 18:04:13,P0205,S006,1,16.03,0.0,,2025-02-02 18:04:13
TXN00049425,2025-02-16 18:27:49,P0129,S006,2,8.46,0.0,,2025-02-16 18:27:49
TXN00123344,2025-04-23 13:17:17,P0161,S022,1,2.91,0.0,,2025-04-23 13:17:17
TXN00119496,2025-04-20 20:23:13,P0150,S003,3,14.97,0.0,,2025-04-20 20:23:13
TXN00093877,2025-03-29 13:13:57,P0084,S027,3,16.26,7.32,C028,2025-03-29 13:13:57
TXN00026068,2025-01-26 18:49:34,P0020,S008,2,7.95,0.0,,2025-02-16 18:49:34
TXN00067904,2025-03-06 14:40:14,P0068,S001,4,2.6,4.16,C036,2025-03-06 14:40:14
TXN00128170,2025-04-27 12:53:33,P0068,S001,1,2.61,0.0,,2025-04-27 12:53:33
TXN00015328,2025-01-16 16:01:37,P0068,S011,1,2.56,0.0,,2025-01-16 16:01:37
TXN00096979,2025-03-31 10:11:45,P0068,S022,2,2.58,0.0,,2025-03-31 10:11:45
TXN00036756,2025-02-05 17:14:35,P0172,S023,1,3.79,0.0,,2025-02-05 17:14:35
TXN00110770,2025-04-12 19:38:05,P9392,S018,2,17.51,0.0,,2025-04-12 19:38:05
TXN00098546,2025-04-02 14:39:04,P0102,S014,4,8.07,0.0,,2025-04-02 14:39:04
TXN00056893,2025-02-23 19:24:23,P0146,S014,2,1.9,0.0,,2025-02-23 19:24:23
TXN00075090,2025-03-12 16:21:34,P0172,S006,1,3.71,0.0,,2025-03-12 16:21:34
TXN00093623,2025-03-29 20:02:02,P0203,S001,1,7.35,0.0,,2025-03-29 20:02:02
TXN00062089,2025-03-01 18:31:10,P0068,S001,3,2.61,3.13,C036,2025-03-01 18:31:10
TXN00059756,2025-02-27 19:27:51,P0093,S028,2,4.87,0.0,,2025-02-27 19:27:51
TXN00090531,2025-03-26 20:02:03,P0039,S005,1,2.74,0.0,,2025-03-26 20:02:03
TXN00085166,2025-03-21 17:27:41,P0161,S001,2,2.85,0.0,,2025-03-21 17:27:41
TXN00066919,2025-03-05 18:59:48,P0146,S023,1,1.85,0.05,,2025-03-05 18:59:48
TXN00037373,2025-02-05 11:58:45,P0121,S014,1,4.2,0.0,,2025-02-05 11:58:45
TXN00041229,2025-02-09 12:44:25,P0054,S027,3,6.57,0.0,,2025-02-09 12:44:25
TXN00059484,2025-02-26 13:40:38,P0150,S006,1,14.98,0.0,,2025-02-26 13:40:38
TXN00121395,2025-04-21 20:43:45,P0136,S028,2,26.85,0.0,,2025-04-21 20:43:45
TXN00075078,2025-03-12 20:29:48,P0068,S027,2,2.53,0.0,,2025-03-12 20:29:48
TXN00131846,2025-04-30 12:06:11,P0130,S022,2,12.79,0.0,,2025-04-30 12:06:11
TXN00023757,2025-01-24 20:28:54,P0176,S008,2,2.84,0.0,,2025-01-24 20:28:54
TXN00059711,2025-02-27 19:18:52,P0068,S011,2,2.48,1.98,C036,2025-02-27 19:18:52
TXN00085938,2025-03-22 11:53:10,P0168,S002,1,8.9,0.0,,2025-03-22 11:53:10
TXN00115913,2025-04-17 10:13:10,P0068,S014,2,2.48,0.0,,2025-04-17 10:13:10
TXN00049077,2025-02-16 13:14:35,P0150,S018,2,15.21,0.0,,2025-02-16 13:14:35
TXN00018752,2025-01-19 19:56:33,P0171,S017,1,9.8,0.0,,2025-01-19 19:56:33
TXN00090106,2025-03-26 13:51:29,P0102,S004,2,7.81,0.0,,2025-03-26 13:51:29
TXN00070068,2025-03-08 15:53:29,P0068,S027,1,2.56,0.0,,2025-03-08 15:53:29
TXN00052878,2025-02-20 13:30:23,P0048,S027,2,3.45,0.0,,2025-02-20 13:30:23
TXN00101645,2025-04-04 17:50:24,P0084,S012,1,15.74,2.36,C028,2025-04-04 17:50:24
TXN00094088,2025-03-29 21:26:34,P0210,S024,3,11.49,1.82,,2025-03-29 21:26:34
TXN00045272,2025-02-13 11:20:25,P0201,S018,1,9.68,0.0,,2025-02-13 11:20:25
TXN00044974,2025-02-13 14:55:01,P0150,S014,1,14.6,0.0,,2025-02-13 14:55:01
TXN00018840,2025-01-19 19:16:55,P0074,S003,2,3.59,0.0,,2025-01-19 19:16:55
TXN00061598,2025-02-28 17:31:34,P0193,S028,3,9.11,0.0,,2025-02-28 17:31:34
TXN00066839,2025-03-04 13:24:26,P0081,S013,2,3.42,0.0,,2025-03-04 13:24:26
TXN00023993,2025-01-24 19:32:52,P0079,S024,2,5.4,0.0,,2025-01-24 19:32:52
TXN00035770,2025-02-03 12:54:00,P0020,S001,1,7.73,0.0,,2025-02-03 12:54:00
TXN00105556,2025-04-07 08:51:00,P0010,S005,1,9.03,0.0,,2025-04-07 08:51:00
TXN00002614,2025-01-03 11:55:13,P0025,S018,2,1.41,0.0,,2025-01-03 11:55:13
TXN00066382,2025-03-04 21:31:59,P0116,S001,2,12.17,0.0,,2025-03-04 21:31:59
TXN00084306,2025-03-21 13:11:38,P0080,S008,2,7.49,0.0,,2025-03-21 13:11:38
TXN00108624,2025-04-11 13:31:31,P0068,S006,3,2.5,0.0,,2025-04-11 13:31:31
TXN00093226,2025-03-29 18:43:24,P0075,S001,1,7.96,0.0,,2025-03-29 18:43:24
TXN00031043,2025-01-31 13:28:23,P0017,S006,3,17.69,0.0,,2025-01-31 13:28:23
TXN00083707,2025-03-20 14:23:07,P0197,S014,4,26.22,0.0,,2025-03-20 14:23:07
TXN00099780,2025-04-03 13:27:19,P0146,S015,4,1.84,0.0,,2025-04-03 13:27:19
TXN00082717,,P0150,S018,1,14.54,0.0,,2025-03-19 19:34:26
TXN00054526,2025-02-22 10:21:27,P0068,S004,2,2.57,0.0,,2025-02-22 10:21:27
TXN00012929,2025-01-13 18:21:33,P0093,S006,3,4.72,0.0,,2025-01-13 18:21:33
TXN00067474,2025-03-05 16:17:23,P0131,S016,3,2.19,0.5,,2025-03-05 16:17:23
TXN00044575,2025-02-12 19:36:17,P0199,S018,5,2.68,0.0,,2025-02-12 19:36:17
TXN00047620,2025-02-15 17:40:19,P0049,S024,5,10.39,7.79,C001,2025-02-15 17:40:19
TXN00087822,2025-03-23 20:48:57,P0188,S001,2,9.34,0.0,,2025-03-23 20:48:57
TXN00024992,2025-01-25 17:53:24,P0131,S011,1,2.17,0.0,,2025-01-25 17:53:24
TXN00120483,2025-04-20 10:59:18,P0150,S015,1,14.8,0.0,,2025-04-20 10:59:18
TXN00020298,2025-01-20 10:15:17,P0015,S006,1,7.07,0.0,,2025-01-20 10:15:17
TXN00093078,2025-03-28 21:05:54,P0139,S004,1,2.43,0.0,,2025-03-28 21:05:54
TXN00112180,2025-04-13 17:09:14,P0007,S015,3,9.04,0.0,,2025-04-13 17:09:14
TXN00002210,2025-01-03 18:06:10,P0127,S003,2,15.14,0.0,,2025-01-03 18:06:10
TXN00116228,2025-04-17 20:18:22,P0150,S026,1,15.28,0.0,,2025-04-17 20:18:22
TXN00048190,2025-02-15 12:49:42,P0068,S017,2,2.58,0.0,,2025-02-15 12:49:42
TXN00125281,2025-04-25 19:08:12,P0124,S018,2,9.96,0.0,,2025-04-25 19:08:12
TXN00109656,2025-04-11 14:30:43,P0150,S006,2,15.14,0.0,,2025-04-11 14:30:43
TXN00053727,2025-02-21 15:53:15,P0087,S007,2,13.01,0.0,,2025-02-21 15:53:15
TXN00044540,2025-02-12 20:56:17,P0013,S001,1,5.25,0.0,,2025-02-12 20:56:17
TXN00112396,2025-04-13 21:59:24,P0088,S013,2,12.47,0.0,,2025-04-13 21:59:24
TXN00056721,2025-02-23 12:34:30,P0146,S008,2,1.82,0.0,,2025-02-23 12:34:30
TXN00104652,2025-04-06 18:46:36,P0011,S021,2,5.02,0.0,,2025-04-06 18:46:36
TXN00092472,2025-03-28 17:50:14,P0041,S013,2,6.46,0.0,,2025-03-28 17:50:14
TXN00025164,2025-01-25 13:08:21,P0079,S026,3,5.42,0.0,,2025-01-25 13:08:21
TXN00032308,2025-02-01 11:07:35,P0113,S002,2,14.52,0.0,,2025-02-01 11:07:35
TXN00032363,2025-02-01 11:33:02,P0158,S018,1,2.99,0.25,,2025-02-01 11:33:02
TXN00117208,2025-04-18 19:44:46,P0213,S022,1,2.06,0.0,,2025-04-18 19:44:46
TXN00007907,2025-01-08 16:12:37,P0150,S024,1,15.24,0.0,,2025-01-08 16:12:37
TXN00118902,2025-04-19 20:02:44,P0186,S018,4,2.87,0.0,,2025-04-19 20:02:44
TXN00030714,2025-01-31 09:00:07,P0202,S022,1,7.45,0.0,,2025-01-31 09:00:07
TXN00066643,2025-03-04 20:52:38,P0029,S012,2,3.8,0.0,,2025-03-04 20:52:38
TXN00107002,2025-04-09 12:08:17,P0068,S012,3,2.63,0.0,,2025-04-09 12:08:17
TXN00062289,2025-03-01 11:25:48,P0068,S015,3,2.57,3.08,C036,2025-03-01 11:25:48
TXN00011143,2025-01-11 21:32:40,P0026,S022,2,17.45,0.0,,2025-01-11 21:32:40
TXN00094815,2025-03-29 11:37:13,P0131,S016,1,2.17,0.1,,2025-03-29 11:37:13
TXN00093832,2025-03-29 15:04:21,P0079,S023,2,5.23,0.0,,2025-03-29 15:04:21
TXN00121711,2025-04-22 15:18:58,P0038,S001,4,13.48,0.0,,2025-04-22 15:18:58
TXN00077058,2025-03-14 18:03:35,P0150,S003,2,14.94,0.0,,2025-03-14 18:03:35
TXN00077423,2025-03-14 09:42:55,P0090,S003,2,4.34,0.0,,2025-03-14 09:42:55
TXN00128819,2025-04-27 11:30:22,P0068,S022,2,2.52,0.0,,2025-04-27 11:30:22
TXN00095985,2025-03-30 13:17:16,P0172,S015,2,3.68,0.0,,2025-03-30 13:17:16
TXN00011590,2025-01-12 18:34:37,P0093,S021,4,4.73,0.0,,2025-01-12 18:34:37
TXN00109469,2025-04-11 19:26:32,P0185,S007,1,3.84,0.0,,2025-04-11 19:26:32
TXN00056821,2025-02-23 13:02:35,P0113,S023,1,14.62,0.0,,2025-02-23 13:02:35
TXN00031839,2025-02-01 16:22:48,P0072,S008,1,12.03,0.0,,2025-02-01 16:22:48
TXN00086806,2025-03-23 13:43:05,P0048,S006,3,3.52,1.06,C002,2025-03-23 13:43:05
TXN00023119,2025-01-24 11:09:46,P0068,S006,1,2.48,0.0,,2025-01-24 11:09:46
TXN00102262,2025-04-05 17:13:21,P0037,S009,2,17.12,0.0,,2025-04-05 17:13:21
TXN00046672,2025-02-14 16:48:03,P0068,S027,1,2.62,0.0,,2025-02-14 16:48:03
TXN00104637,2025-04-06 12:11:39,P0210,S007,1,11.63,0.0,,2025-04-06 12:11:39
TXN00039508,2025-02-08 19:44:09,P0176,S013,1,2.86,0.0,,2025-02-08 19:44:09
TXN00088340,2025-03-24 16:44:42,P0161,S015,1,2.96,0.0,,2025-03-24 16:44:42
TXN00025704,2025-01-26 13:48:48,P0013,S019,1,5.2,0.0,,2025-01-26 13:48:48
TXN00055672,2025-02-22 13:26:04,P0121,S027,2,4.08,0.0,,2025-02-22 13:26:04
TXN00016657,2025-01-17 13:37:37,P0150,S018,1,15.05,0.0,,2025-01-17 13:37:37
TXN00005621,2025-01-05 15:59:50,P0199,S028,4,2.64,0.0,,2025-01-05 15:59:50
TXN00104814,2025-04-07 12:57:57,P0098,S001,3,15.2,0.0,,2025-04-07 12:57:57
TXN00053725,2025-02-21 19:11:12,P0068,S028,2,2.48,0.0,,2025-02-21 19:11:12
TXN00118409,2025-04-19 17:07:45,P0152,S018,1,7.34,0.0,,2025-04-19 17:07:45
TXN00002574,2025-01-03 20:42:38,P0089,S004,3,5.1,0.0,,2025-01-03 20:42:38
TXN00027781,2025-01-28 16:19:11,P0203,S023,2,7.6,0.0,,2025-01-28 16:19:11
TXN00109907,2025-04-12 17:46:02,P0150,S026,1,15.34,0.0,,2025-04-12 17:46:02
TXN00007911,2025-01-08 20:00:01,P0046,S024,3,9.41,0.0,,2025-01-08 20:00:01
TXN00072034,2025-03-09 13:35:27,P0003,S001,0,11.7,0.0,,2025-03-09 13:35:27
TXN00003865,2025-01-04 16:40:36,P0032,S006,1,8.42,0.0,,2025-01-04 16:40:36
TXN00083398,2025-03-20 20:08:43,P0020,S006,4,7.84,0.0,,2025-03-20 20:08:43
TXN00116818,2025-04-18 13:05:43,P0069,S024,1,10.34,0.0,,2025-04-18 13:05:43
TXN00100120,2025-04-03 18:08:11,P0146,S010,6,1.82,0.0,,2025-04-03 18:08:11
TXN00017855,2025-01-18 13:24:13,P0130,S012,4,12.86,0.0,,2025-01-18 13:24:13
TXN00052513,2025-02-20 13:34:06,P0207,S008,2,13.26,0.0,,2025-02-20 13:34:06
TXN00124685,2025-04-25 19:27:05,P0053,S015,1,7.45,0.41,,2025-04-25 19:27:05
TXN00053191,2025-02-21 19:03:57,P0150,S018,1,14.84,0.0,,2025-02-21 19:03:57
TXN00069924,2025-03-08 16:04:12,P0064,S008,2,19.54,0.0,,2025-03-08 16:04:12
TXN00035223,2025-02-03 13:25:47,P0079,S015,2,5.36,0.0,,2025-02-03 13:25:47
TXN00016169,2025-01-17 14:18:44,P0079,S024,1,5.37,0.0,,2025-01-17 14:18:44
TXN00054727,2025-02-22 18:42:52,P0164,S024,1,7.63,0.0,,2025-02-22 18:42:52
TXN00031541,2025-01-31 14:38:36,P0125,S008,2,11.93,1.51,,2025-01-31 14:38:36
TXN00014932,2025-01-15 18:48:07,P0208,S004,2,9.01,0.0,,2025-01-15 18:48:07
TXN00038878,2025-02-07 12:13:01,P0132,S015,1,12.87,0.0,,2025-02-07 12:13:01
TXN00003379,2025-01-04 19:33:09,P0102,S015,2,7.87,0.0,,2025-01-04 19:33:09
TXN00105350,2025-04-07 16:41:27,P0079,S021,1,5.48,0.18,,2025-04-07 16:41:27
TXN00123269,2025-04-23 16:56:01,P0079,S015,3,5.26,0.0,,2025-04-23 16:56:01
TXN00081739,2025-03-18 16:31:39,P0204,S014,2,9.28,1.37,,2025-03-18 16:31:39
TXN00129816,2025-04-28 10:50:11,P0139,S023,1,2.38,0.0,,2025-04-28 10:50:11
TXN00109951,2025-04-12 20:20:01,P0071,S018,3,25.74,15.44,C013,2025-04-12 20:20:01
TXN00004136,2025-01-04 14:19:20,P0068,S028,2,2.56,0.0,,2025-01-04 14:19:20
TXN00010304,2025-01-11 19:53:34,P0172,S014,1,3.68,0.0,,2025-01-11 19:53:34
TXN00044049,2025-02-12 09:48:35,P0121,S013,2,4.01,0.0,,2025-02-12 09:48:35
TXN00012425,2025-01-12 13:12:23,P0150,S020,1,14.57,0.0,,2025-01-12 13:12:23
TXN00077938,2025-03-15 15:07:55,P0150,S013,4,14.68,0.0,,2025-03-15 15:07:55
TXN00057190,2025-02-24 17:40:59,P0071,S012,3,25.79,0.0,,2025-02-24 17:40:59
TXN00066694,2025-03-04 20:48:51,P0068,S022,2,2.55,2.04,C036,2025-03-04 20:48:51
TXN00005259,2025-01-05 18:11:35,P0085,S024,2,7.83,0.0,,2025-01-05 18:11:35
TXN00119820,2025-04-20 16:47:14,P0120,S026,1,9.29,0.0,,2025-04-20 16:47:14
TXN00090524,2025-03-26 19:15:49,P0205,S027,3,15.75,0.0,,2025-03-26 19:15:49
TXN00007043,2025-01-07 13:39:44,P0146,S018,2,1.87,0.0,,2025-01-07 13:39:44
TXN00084701,2025-03-21 16:31:22,P0065,S015,2,1.23,0.0,,2025-03-21 16:31:22
TXN00001558,2025-01-02 21:24:56,P0099,S023,4,6.62,0.0,,2025-01-02 21:24:56
TXN00118896,2025-04-19 20:59:43,P0135,S023,3,1.36,0.0,,2025-04-19 20:59:43
TXN00048367,2025-02-16 20:46:16,P0079,S026,1,5.32,0.0,,2025-02-16 20:46:16
TXN00013628,2025-01-14 16:41:58,P0147,S018,2,12.22,0.0,,2025-01-14 16:41:58
TXN00041220,2025-02-09 13:45:23,P0171,S026,2,9.66,0.0,,2025-02-09 13:45:23
TXN00114939,2025-04-16 10:30:11,P0071,S008,1,26.82,0.0,,2025-04-16 10:30:11
TXN00068976,2025-03-07 17:35:39,P0073,S014,1,6.75,0.0,,2025-03-07 17:35:39
TXN00016909,2025-01-17 11:44:02,P0143,S027,3,4.41,0.0,,2025-01-17 11:44:02
TXN00030525,2025-01-30 18:10:23,P0172,S007,2,3.64,0.0,,2025-01-30 18:10:23
TXN00016168,2025-01-17 13:03:00,P0125,S014,5,11.28,0.0,,2025-01-17 13:03:00
TXN00131106,2025-04-30 10:48:06,P0057,S018,1,11.76,0.0,,2025-04-30 10:48:06
TXN00043536,2025-02-11 13:28:07,P0196,S016,1,4.42,0.0,,2025-02-11 13:28:07
TXN00093143,2025-03-29 17:25:41,P0131,S006,3,2.16,0.0,,2025-03-29 17:25:41
TXN00048790,2025-02-16 21:59:24,P0190,S011,3,11.95,0.0,,2025-02-16 21:59:24
TXN00041986,2025-02-09 20:10:54,P0161,S008,1,2.99,0.0,,2025-02-09 20:10:54
TXN00100835,2025-04-04 13:13:47,P0146,S012,2,1.89,0.0,,2025-04-04 13:13:47
TXN00043480,2025-02-11 17:37:11,P0008,S011,3,4.34,0.0,,2025-02-11 17:37:11
TXN00102997,2025-04-05 19:22:36,P0130,S023,2,13.23,11.1,C032,2025-04-16 19:22:36
TXN00059114,2025-02-26 11:44:39,P0025,S027,1,1.41,0.0,,2025-02-26 11:44:39
TXN00044442,2025-02-12 17:05:37,P0115,S015,2,7.0,0.0,,2025-02-12 17:05:37
TXN00107615,2025-04-10 12:18:30,P0079,S015,1,5.33,0.0,,2025-04-10 12:18:30
TXN00128027,2025-04-27 18:03:27,P0207,S027,1,13.54,0.0,,2025-04-27 18:03:27
TXN00093500,2025-03-29 11:45:53,P0068,S024,5,2.54,0.0,,2025-03-29 11:45:53
TXN00115231,2025-04-16 20:15:47,P0068,S027,1,2.63,0.0,,2025-04-16 20:15:47
TXN00019673,2025-01-19 11:16:52,P0150,S026,1,14.71,0.0,,2025-01-19 11:16:52
TXN00075258,2025-03-12 12:31:37,P0172,S004,2,3.76,0.0,,2025-03-12 12:31:37
TXN00039326,2025-02-07 13:30:00,P0150,S008,1,15.18,0.0,,2025-02-07 13:30:00
TXN00003444,2025-01-04 17:51:22,P0178,S007,3,5.63,0.0,,2025-01-04 17:51:22
TXN00097160,2025-03-31 15:01:57,P0068,S015,3,2.5,0.0,,2025-03-31 15:01:57
TXN00105419,2025-04-07 21:59:24,P0068,S028,1,2.54,0.0,,2025-04-07 21:59:24
TXN00027253,2025-01-27 16:49:22,P0151,S006,2,10.22,0.0,,2025-01-27 16:49:22
TXN00074589,2025-03-12 09:07:13,P0020,S004,1,8.04,0.0,,2025-03-12 09:07:13
TXN00034843,2025-02-02 18:06:20,P0205,S006,1,15.73,0.0,,2025-02-02 18:06:20
TXN00102473,2025-04-05 14:34:10,P0093,S026,2,4.83,0.0,,2025-04-05 14:34:10
TXN00057151,2025-02-24 18:31:14,P0079,S014,3,5.3,0.0,,2025-02-24 18:31:14
TXN00102306,2025-04-05 12:11:00,P0146,S001,1,1.8,0.0,,2025-04-05 12:11:00
TXN00060447,2025-02-27 15:30:29,P0218,S009,1,6.7,0.0,,2025-02-27 15:30:29
TXN00019781,2025-01-19 20:26:00,P0068,S025,2,2.62,0.0,,2025-01-19 20:26:00
TXN00091644,2025-03-27 16:42:37,P0089,S023,1,5.37,0.0,,2025-03-27 16:42:37
TXN00093992,2025-03-29 21:48:46,P0135,S010,1,1.39,0.0,,2025-03-29 21:48:46
TXN00003608,2025-01-04 19:09:43,P0210,S018,1,11.88,0.0,,2025-01-04 19:09:43
TXN00047178,2025-02-15 19:20:24,P0087,S022,2,13.11,0.0,,2025-02-15 19:20:24
TXN00036195,2025-02-04 16:42:37,P0197,S003,1,25.99,0.0,,2025-02-04 16:42:37
TXN00015014,2025-01-15 13:11:37,P0139,S018,1,2.46,0.0,,2025-01-15 13:11:37
TXN00085295,2025-03-22 13:09:40,P0146,S001,2,1.88,0.0,,2025-03-22 13:09:40
TXN00105476,2025-04-07 13:28:04,P0068,S004,2,2.57,0.0,,2025-04-07 13:28:04
TXN00025338,2025-01-25 12:16:10,P0079,S027,1,5.37,0.0,,2025-01-25 12:16:10
TXN00051710,2025-02-19 13:11:08,P0140,S008,2,13.18,0.0,,2025-02-19 13:11:08
TXN00075314,2025-03-12 14:42:13,P0084,S023,6,15.76,14.18,C028,2025-03-12 14:42:13
TXN00018809,2025-01-19 15:54:17,P0013,S023,1,5.14,0.0,,2025-01-19 15:54:17
TXN00067412,2025-03-05 15:44:26,P0137,S015,1,2.9,0.0,,2025-03-05 15:44:26
TXN00116433,2025-04-17 12:24:38,P0205,S024,2,15.54,0.0,,2025-04-17 12:24:38
TXN00018509,2025-01-19 14:53:56,P0213,S015,2,2.09,0.0,,2025-01-19 14:53:56
TXN00081257,2025-03-17 18:47:50,P0149,S014,5,3.5,4.38,C010,2025-03-17 18:47:50
TXN00004735,2025-01-05 10:05:14,P0172,S007,1,3.7,0.0,,2025-01-05 10:05:14
TXN00045990,2025-02-14 13:34:18,P0142,S018,2,3.89,0.0,,2025-02-14 13:34:18
TXN00083550,2025-03-20 21:49:44,P0111,S015,2,15.07,0.0,,2025-03-20 21:49:44
TXN00102237,2025-04-05 18:41:25,P0079,S018,1,5.39,0.0,,2025-04-05 18:41:25
TXN00075244,2025-03-12 19:56:19,P0025,S013,4,1.43,0.0,,2025-03-12 19:56:19
TXN00018591,2025-01-19 20:33:37,P0160,S006,5,4.24,0.0,,2025-01-19 20:33:37
TXN00074224,2025-03-11 15:43:27,P0118,S022,3,9.75,0.0,,2025-03-11 15:43:27
TXN00096686,2025-03-31 13:16:23,P0211,S027,1,13.26,0.0,,2025-03-31 13:16:23
TXN00032040,2025-02-01 13:00:24,P0091,S001,1,11.58,0.0,,2025-02-01 13:00:24
TXN00030269,2025-01-30 13:04:19,P0131,S002,3,2.19,0.0,,2025-01-30 13:04:19
TXN00019683,2025-01-19 13:58:04,P0003,S004,1,11.71,0.0,,2025-01-19 13:58:04
TXN00017511,2025-01-18 19:31:56,P0048,S018,2,3.42,0.0,,2025-01-18 19:31:56
TXN00037309,2025-02-05 19:05:34,P0025,S007,2,1.38,0.0,,2025-02-05 19:05:34
TXN00012118,2025-01-12 21:55:44,P0142,S024,4,3.76,0.0,,2025-01-12 21:55:44
TXN00103517,2025-04-06 16:33:01,P0022,S026,4,12.34,0.0,,2025-04-06 16:33:01
TXN00002200,2025-01-03 13:21:19,P0207,S006,3,13.44,0.0,,2025-01-03 13:21:19
TXN00107783,2025-04-10 12:02:04,P0163,S009,1,5.91,0.0,,2025-04-10 12:02:04
TXN00092096,2025-03-28 21:59:24,P0051,S024,1,15.63,0.0,,2025-03-28 21:59:24
TXN00025966,2025-01-26 20:46:55,P0203,S008,1,7.52,0.0,,2025-01-26 20:46:55
TXN00007229,2025-01-07 12:47:17,P0161,S001,2,2.89,0.0,,2025-01-07 12:47:17
TXN00122064,2025-04-22 09:44:47,P0179,S014,1,15.79,0.0,,2025-04-22 09:44:47
TXN00050624,2025-02-18 21:30:31,P0068,S025,1,2.52,0.0,,2025-02-18 21:30:31
TXN00050905,2025-02-18 11:29:29,P0205,S008,2,16.2,0.0,,2025-02-18 11:29:29
TXN00117032,2025-04-18 20:37:01,P0168,S001,4,8.94,0.0,,2025-04-18 20:37:01
TXN00030612,2025-01-31 18:46:53,P0003,S027,1,11.84,0.0,,2025-01-31 18:46:53
TXN00108935,2025-04-11 08:42:46,P0139,S004,2,2.43,0.0,,2025-04-11 08:42:46
TXN00031171,2025-01-31 12:19:49,P0049,S015,2,10.74,0.0,,2025-01-31 12:19:49
TXN00067487,2025-03-05 13:07:00,P0146,S013,1,1.89,0.0,,2025-03-05 13:07:00
TXN00070482,2025-03-08 13:02:02,P0207,S018,4,13.28,21.25,C024,2025-03-08 13:02:02
TXN00063221,2025-03-01 17:36:22,P0186,S006,2,2.88,0.0,,2025-03-01 17:36:22
TXN00069399,2025-03-07 20:56:07,P0008,S018,1,4.38,0.0,,2025-03-07 20:56:07
TXN00069755,2025-03-07 17:11:19,P0079,S001,1,5.41,0.0,,2025-03-07 17:11:19
TXN00028668,2025-01-29 17:20:34,P0011,S026,5,4.88,9.76,C015,2025-01-29 17:20:34
TXN00067065,2025-03-05 13:08:52,P0013,S019,2,5.07,0.0,,2025-03-05 13:08:52
TXN00064695,2025-03-02 12:14:09,P0129,S011,1,8.57,0.86,C012,2025-03-02 12:14:09
TXN00128483,2025-04-27 21:56:45,P0172,S023,1,3.67,0.73,C018,2025-04-27 21:56:45
TXN00127843,2025-04-27 14:05:14,P0155,S006,2,4.21,0.0,,2025-04-27 14:05:14
TXN00046094,2025-02-14 18:27:55,P0068,S013,3,2.58,0.0,,2025-02-14 18:27:55
TXN00126954,2025-04-26 21:18:37,P0146,S014,2,1.86,0.93,C034,2025-04-26 21:18:37
TXN00109518,2025-04-11 12:36:24,P0207,S001,-5,13.87,0.0,,2025-04-11 12:36:24
TXN00113136,2025-04-14 16:46:07,P0146,S005,1,1.83,0.46,C034,2025-04-14 16:46:07
TXN00003744,2025-01-04 15:21:00,P0203,S017,3,7.56,0.0,,2025-01-04 15:21:00
TXN00034575,2025-02-02 15:17:59,P0189,S018,1,4.62,0.0,,2025-02-02 15:17:59
TXN00087708,2025-03-23 17:21:04,P0068,S019,3,2.63,0.0,,2025-03-23 17:21:04
TXN00051189,2025-02-18 13:09:31,P0041,S014,2,6.55,0.0,,2025-02-18 13:09:31
TXN00015907,2025-01-16 18:44:42,P0095,S018,2,3.0,0.0,,2025-01-16 18:44:42
TXN00024445,2025-01-25 19:48:28,P0131,S028,1,2.19,0.0,,2025-01-25 19:48:28
TXN00024225,2025-01-25 12:52:55,P0076,S016,1,8.89,0.0,,2025-01-25 12:52:55
TXN00043479,2025-02-11 17:41:46,P0188,S008,1,9.27,0.0,,2025-02-11 17:41:46
TXN00098803,2025-04-02 16:57:47,P0149,S014,1,3.52,0.0,,2025-04-02 16:57:47
TXN00029669,2025-01-30 14:04:24,P0193,S018,3,9.58,0.0,,2025-01-30 14:04:24
TXN00121081,2025-04-21 13:11:49,P0040,S027,2,4.71,0.0,,2025-04-21 13:11:49
TXN00080228,2025-03-16 19:13:06,P0071,S003,3,26.35,0.0,,2025-03-16 19:13:06
TXN00027742,2025-01-27 19:29:13,P0079,S008,1,5.49,0.0,,2025-01-27 19:29:13
TXN00006334,2025-01-06 12:40:16,P0172,S001,2,3.6,0.0,,2025-01-06 12:40:16
TXN00081959,2025-03-18 13:46:18,P0195,S004,1,4.81,0.0,,2025-03-18 13:46:18
TXN00067909,2025-03-06 15:58:00,P0209,S021,1,1.39,0.0,,2025-03-06 15:58:00
TXN00082077,2025-03-18 12:28:19,P0014,S013,1,6.92,0.25,,2025-03-18 12:28:19
TXN00032061,2025-02-01 11:21:16,P0087,S011,3,12.85,0.0,,2025-02-01 11:21:16
TXN00009858,2025-01-10 13:08:05,P0107,S023,3,2.94,0.57,,2025-01-10 13:08:05
TXN00094943,2025-03-30 10:14:45,P0132,S018,2,12.34,0.0,,2025-03-30 10:14:45
TXN00023472,2025-01-24 10:35:33,P0068,S006,3,2.61,0.0,,2025-01-24 10:35:33
TXN00061643,2025-02-28 18:24:00,P0197,S019,3,26.6,0.0,,2025-02-28 18:24:00
TXN00009733,2025-01-10 18:47:56,P0048,S027,2,3.43,0.0,,2025-01-10 18:47:56
TXN00071708,2025-03-09 18:52:24,P0193,S015,2,9.23,0.0,,2025-03-09 18:52:24
TXN00037234,2025-02-05 09:46:52,P0119,S027,2,4.52,0.0,,2025-02-05 09:46:52
TXN00131207,2025-04-30 21:49:05,P0068,S014,3,2.51,0.0,,2025-04-30 21:49:05
TXN00010203,2025-01-11 20:11:21,P0083,S008,1,7.93,0.0,,2025-01-11 20:11:21
TXN00061635,2025-02-28 19:02:55,P0068,S014,2,2.55,2.04,C036,2025-02-28 19:02:55
TXN00083702,2025-03-20 19:15:08,P0096,S006,1,16.43,0.0,,2025-03-20 19:15:08
TXN00087906,2025-03-23 17:04:53,P0095,S003,1,3.14,0.0,,2025-03-23 17:04:53
TXN00043409,2025-02-11 17:10:20,P0125,S004,1,11.8,0.0,,2025-02-11 17:10:20
TXN00076949,2025-03-14 10:09:52,P0150,S010,3,14.56,0.0,,2025-03-14 10:09:52
TXN00068005,2025-03-06 14:01:11,P0087,S018,3,12.88,0.0,,2025-03-06 14:01:11
TXN00125566,2025-04-25 12:59:25,P0068,S008,2,2.54,0.0,,2025-04-25 12:59:25
TXN00103871,2025-04-06 17:29:23,P0163,S007,3,5.67,0.0,,2025-04-06 17:29:23
TXN00053127,2025-02-21 17:12:33,P0008,S001,3,4.32,2.59,C030,2025-02-21 17:12:33
TXN00045164,2025-02-13 13:05:13,P0163,S013,4,5.76,6.91,C017,2025-02-13 13:05:13
TXN00094489,2025-03-29 14:30:29,P0045,S007,1,3.45,0.0,,2025-03-29 14:30:29
TXN00002022,2025-01-03 12:15:57,P0178,S021,4,5.77,0.0,,2025-01-03 12:15:57
TXN00018480,2025-01-19 17:30:35,P0210,S007,1,11.61,0.0,,2025-01-19 17:30:35
TXN00096026,2025-03-30 18:49:28,P0150,S001,1,15.32,0.0,,2025-03-30 18:49:28
TXN00117368,2025-04-18 17:32:58,P0179,S026,2,15.43,0.0,,2025-04-18 17:32:58
TXN00060462,2025-02-27 13:18:38,P0068,S014,3,2.6,3.12,C036,2025-02-27 13:18:38
TXN00073375,2025-03-10 10:23:37,P0179,S028,2,15.84,0.0,,2025-03-10 10:23:37
TXN00078719,2025-03-15 10:56:15,P0205,S027,4,15.44,0.0,,2025-03-15 10:56:15
TXN00073410,2025-03-10 19:23:03,P0199,S004,2,2.59,0.0,,2025-03-10 19:23:03
TXN00129418,2025-04-28 19:42:38,P0199,S028,2,2.59,0.0,,2025-04-28 19:42:38
TXN00020874,2025-01-21 12:10:57,P0150,S027,2,15.22,0.0,,2025-01-21 12:10:57
TXN00085297,2025-03-22 17:53:53,P0142,S014,4,3.9,0.0,,2025-03-22 17:53:53
TXN00045860,2025-02-14 12:03:35,P0050,S008,1,1.22,0.0,,2025-02-14 12:03:35
TXN00094607,2025-03-29 21:59:24,P0150,S014,1,14.6,0.0,,2025-03-29 21:59:24
TXN00090420,2025-03-26 10:14:47,P0048,S015,2,3.41,0.68,C002,2025-03-26 10:14:47
TXN00127812,2025-04-27 18:46:15,P0149,S006,1,3.47,0.0,,2025-04-27 18:46:15
TXN00062222,2025-03-01 18:41:21,P0150,S005,1,14.69,0.0,,2025-03-01 18:41:21
TXN00064464,2025-03-02 18:50:09,P0174,S014,3,5.03,1.16,,2025-03-02 18:50:09
TXN00115823,2025-04-17 13:20:15,P0146,S024,2,1.8,0.9,C034,2025-04-17 13:20:15
TXN00022937,2025-01-23 16:42:26,P0043,S027,2,10.55,0.0,,2025-01-23 16:42:26
TXN00071410,2025-03-09 20:09:42,P0207,S001,4,13.86,22.18,C024,2025-03-09 20:09:42
TXN00085361,2025-03-22 18:10:36,P0131,S015,9,2.2,1.64,,2025-03-22 18:10:36
TXN00034478,2025-02-02 12:44:37,P0140,S024,1,13.76,0.92,,2025-02-02 12:44:37
TXN00080730,2025-03-17 18:10:48,P0117,S006,2,2.77,0.0,,2025-03-17 18:10:48
TXN00038047,2025-02-06 19:45:38,P0002,S002,1,14.81,0.0,,2025-02-06 19:45:38
TXN00097300,2025-03-31 18:51:55,P0079,,1,5.52,0.0,,2025-03-31 18:51:55
TXN00103207,2025-04-05 18:09:17,P0150,S014,4,15.15,0.0,,2025-04-05 18:09:17
TXN00008307,2025-01-09 09:44:32,P0205,S023,2,16.14,0.0,,2025-01-09 09:44:32
TXN00102174,2025-04-05 11:26:24,P0123,S014,4,11.63,0.0,,2025-04-05 11:26:24
TXN00019956,2025-01-20 19:11:43,P0150,S006,1,15.05,0.0,,2025-01-20 19:11:43
TXN00088073,2025-03-23 20:50:53,P0197,S001,2,27.17,0.0,,2025-03-23 20:50:53
TXN00129597,2025-04-28 12:48:34,P0079,S027,1,5.38,0.0,,2025-04-28 12:48:34
TXN00066717,2025-03-04 14:35:38,P0068,S014,1,2.61,1.04,C036,2025-03-04 14:35:38
TXN00036705,2025-02-05 12:43:07,P0068,S027,3,2.63,0.0,,2025-02-05 12:43:07
TXN00058871,2025-02-26 13:35:27,P0068,S014,2,2.49,1.99,C036,2025-02-26 13:35:27
TXN00048047,2025-02-15 16:29:02,P0173,S009,1,13.75,0.0,,2025-02-15 16:29:02
TXN00088000,2025-03-23 12:27:58,P0126,S004,1,13.98,0.0,,2025-03-23 12:27:58
TXN00113929,2025-04-15 18:37:46,P0048,S024,1,3.42,0.34,C002,2025-04-15 18:37:46
TXN00107323,2025-04-09 11:04:31,P0203,S024,1,7.19,0.0,,2025-04-09 11:04:31
TXN00054436,2025-02-22 17:51:18,P0146,S012,1,1.81,0.0,,2025-02-22 17:51:18
TXN00017796,2025-01-18 17:44:32,P0142,S018,3,3.7,0.0,,2025-01-18 17:44:32
TXN00114122,2025-04-15 15:49:05,P0208,S027,2,8.67,0.0,,2025-04-15 15:49:05
TXN00097372,2025-03-31 12:46:25,P0146,S024,3,1.85,0.0,,2025-03-31 12:46:25
TXN00104606,2025-04-06 18:37:56,P0181,S015,4,1.18,0.0,,2025-04-06 18:37:56
TXN00100384,2025-04-03 11:08:27,P0132,S014,1,12.85,0.0,,2025-04-03 11:08:27
TXN00123582,2025-04-24 13:46:34,P0181,S020,2,1.15,0.0,,2025-04-24 13:46:34
TXN00127909,2025-04-27 13:28:18,P0044,S003,2,3.22,0.0,,2025-04-27 13:28:18
TXN00125648,2025-04-25 12:09:59,P0172,S015,2,3.62,1.45,C018,2025-04-25 12:09:59
TXN00082981,2025-03-19 11:09:53,P0150,S010,1,14.51,0.0,,2025-03-19 11:09:53
TXN00002496,2025-01-03 13:36:31,P0059,S014,1,18.9,0.0,,2025-01-03 13:36:31
TXN00108189,2025-04-10 17:41:27,P0145,S009,2,8.27,0.0,,2025-04-10 17:41:27
TXN00030312,2025-01-30 11:52:53,P0145,S009,1,8.46,0.0,,2025-01-30 11:52:53
TXN00089826,2025-03-25 18:10:17,P0138,S008,2,8.83,0.0,,2025-03-25 18:10:17
TXN00113337,2025-04-14 11:56:39,P0150,S013,1,14.79,0.0,,2025-04-14 11:56:39
TXN00014328,2025-01-15 17:34:03,P0171,S003,1,9.32,0.0,,2025-01-15 17:34:03
TXN00048939,2025-02-16 16:15:58,P0150,S012,2,14.58,0.0,,2025-02-16 16:15:58
TXN00053335,2025-02-21 16:30:32,P0068,S004,3,2.5,0.0,,2025-02-21 16:30:32
TXN00122789,2025-04-23 12:00:48,P0069,S001,3,10.43,0.0,,2025-04-23 12:00:48
TXN00095594,2025-03-30 19:30:42,P0208,S006,2,8.78,0.0,,2025-03-30 19:30:42
TXN00088104,2025-03-23 16:24:13,P0199,S002,2,2.68,0.0,,2025-03-23 16:24:13
TXN00104992,2025-04-07 14:46:59,P0051,S001,1,15.02,0.0,,2025-04-07 14:46:59
TXN00018747,2025-01-19 16:09:14,P0057,S007,1,11.63,0.0,,2025-01-19 16:09:14
TXN00115057,2025-04-16 10:44:11,P0106,S009,2,4.75,0.0,,2025-04-16 10:44:11
TXN00013580,2025-01-14 20:28:10,P0068,S009,2,2.5,0.0,,2025-01-14 20:28:10
TXN00000180,2025-01-01 19:01:18,P0173,S015,1,14.1,0.28,,2025-01-01 19:01:18
TXN00053898,2025-02-21 19:20:57,P0172,S006,1,3.69,0.0,,2025-02-21 19:20:57
TXN00076510,2025-03-14 12:43:10,P0096,S022,2,16.98,0.0,,2025-03-14 12:43:10
TXN00032355,2025-02-01 13:35:15,P0196,S021,2,4.34,0.0,,2025-02-01 13:35:15
TXN00090670,2025-03-26 14:37:42,P0205,S002,1,15.61,0.0,,2025-03-26 14:37:42
TXN00030618,2025-01-31 18:34:06,P0087,S003,2,12.71,0.0,,2025-01-31 18:34:06
TXN00121368,2025-04-21 18:21:21,P0016,S001,2,19.24,0.0,,2025-04-21 18:21:21
TXN00029989,2025-01-30 13:02:49,P0032,S014,2,8.3,0.0,,2025-01-30 13:02:49
TXN00105340,2025-04-07 19:19:49,P0068,S024,3,2.6,0.0,,2025-04-07 19:19:49
TXN00098482,2025-04-02 12:01:37,P0046,S008,2,9.38,0.0,,2025-04-02 12:01:37
TXN00032222,2025-02-01 18:52:48,P0193,S017,1,9.12,0.0,,2025-02-01 18:52:48
TXN00039850,2025-02-08 13:44:02,P0120,S027,4,9.29,0.0,,2025-02-08 13:44:02
TXN00041318,2025-02-09 19:16:59,P0069,S011,4,10.37,6.22,C007,2025-02-09 19:16:59
TXN00059552,2025-02-26 11:44:08,P0186,S027,2,2.77,0.0,,2025-02-26 11:44:08
TXN00074350,2025-03-11 21:59:24,P0171,S015,3,9.78,0.0,,2025-03-11 21:59:24
TXN00112877,2025-04-14 19:21:56,P0109,S006,1,9.29,0.0,,2025-04-14 19:21:56
TXN00024856,2025-01-25 19:59:05,P0197,S015,2,27.28,0.0,,2025-01-25 19:59:05
TXN00024323,2025-01-25 21:59:24,P0049,S015,2,10.76,0.0,,2025-01-25 21:59:24
TXN00002169,2025-01-03 16:27:41,P0150,S012,2,14.49,0.0,,2025-01-03 16:27:41
TXN00014412,2025-01-15 13:28:18,P0197,S011,2,27.12,0.0,,2025-01-15 13:28:18
TXN00121939,2025-04-22 11:56:37,P0176,S014,2,2.87,0.0,,2025-04-22 11:56:37
TXN00030988,2025-01-31 16:05:53,P0159,S024,1,6.6,0.0,,2025-01-31 16:05:53
TXN00045797,2025-02-14 13:04:10,P0163,S015,6,5.69,10.24,C017,2025-02-14 13:04:10
TXN00037029,2025-02-05 17:05:24,P0172,S004,1,3.68,0.0,,2025-02-05 17:05:24
TXN00091214,2025-03-27 15:17:51,P0084,S007,4,15.96,9.58,C028,2025-03-27 15:17:51
TXN00130960,2025-04-30 12:32:35,P0079,S026,3,5.46,0.0,,2025-04-30 12:32:35
TXN00046473,2025-02-14 11:00:57,P0068,S027,3,2.51,0.0,,2025-02-14 11:00:57
TXN00057756,2025-02-24 09:34:12,P0096,S016,4,16.56,13.25,C019,2025-02-24 09:34:12
TXN00031404,2025-01-31 13:10:52,P0163,S013,3,5.75,5.18,C017,2025-01-31 13:10:52
TXN00063598,2025-03-02 16:13:06,P0121,S015,3,4.23,0.0,,2025-03-02 16:13:06
TXN00125223,2025-04-25 21:19:33,P0044,S009,2,3.12,0.0,,2025-04-25 21:19:33
TXN00098738,2025-04-02 20:21:14,P0048,S003,6,3.39,2.03,C002,2025-04-02 20:21:14
TXN00016055,2025-01-17 19:56:18,P0200,S015,3,12.92,0.0,,2025-01-17 19:56:18
TXN00074018,2025-03-11 20:18:47,P0069,S024,2,10.53,0.0,,2025-03-11 20:18:47
TXN00097699,2025-04-01 09:12:23,P0068,S025,2,2.53,0.0,,2025-04-01 09:12:23
TXN00036733,2025-02-05 18:42:19,P0197,S014,2,26.45,0.0,,2025-02-05 18:42:19
TXN00021749,2025-01-22 13:42:26,P0187,S011,1,5.31,0.0,,2025-01-22 13:42:26
TXN00097060,2025-03-31 16:39:47,P0048,S006,3,3.51,1.05,C002,2025-03-31 16:39:47
TXN00073989,2025-03-11 12:52:43,P0161,S022,4,2.99,1.79,C011,2025-03-11 12:52:43
TXN00108472,2025-04-11 17:58:22,P0146,S010,3,1.83,1.37,C034,2025-04-11 17:58:22
TXN00061387,2025-02-28 15:12:38,P0096,S016,4,16.72,13.38,C019,2025-02-28 15:12:38
TXN00006631,2025-01-07 17:24:00,P0146,S010,4,1.89,0.0,,2025-01-07 17:24:00
TXN00032935,2025-02-01 17:26:12,P0168,S006,3,8.93,0.0,,2025-02-01 17:26:12
TXN00041848,2025-02-09 17:10:23,P0069,S006,2,10.36,3.11,C007,2025-02-09 17:10:23
TXN00028401,2025-01-28 13:56:07,P0150,S015,1,15.08,0.0,,2025-01-28 13:56:07
TXN00093428,2025-03-29 19:59:44,P0193,S027,3,9.3,0.0,,2025-03-29 19:59:44
TXN00120844,2025-04-21 13:10:10,P0172,S027,2,3.7,1.48,C018,2025-04-21 13:10:10
TXN00034624,2025-02-02 18:41:26,P0200,S018,1,12.76,0.0,,2025-02-02 18:41:26
TXN00021209,2025-01-21 14:04:51,P0172,S003,2,3.73,0.0,,2025-01-21 14:04:51
TXN00085009,2025-03-21 13:19:47,P0051,S018,1,15.45,0.0,,2025-03-21 13:19:47
TXN00021252,2025-01-21 12:36:28,P0008,S018,1,4.47,0.0,,2025-01-21 12:36:28
TXN00114517,2025-04-15 17:25:00,P0095,S018,1,3.16,0.0,,2025-04-15 17:25:00
TXN00060155,2025-02-27 12:45:13,P0120,S018,1,9.57,0.0,,2025-02-27 12:45:13
TXN00078390,2025-03-15 13:50:00,P0001,S027,1,11.45,0.0,,2025-03-15 13:50:00
TXN00066668,2025-03-04 18:34:51,P0003,S008,1,11.48,0.0,,2025-03-04 18:34:51
TXN00116749,2025-04-18 10:10:01,P0161,S007,1,3.02,0.0,,2025-04-18 10:10:01
TXN00018514,2025-01-19 16:55:35,P0203,S011,2,7.4,0.0,,2025-01-19 16:55:35
TXN00022109,2025-01-22 11:53:06,P0146,S008,1,1.88,0.0,,2025-01-22 11:53:06
TXN00033053,2025-02-01 13:47:43,P0161,S001,2,2.88,0.0,,2025-02-01 13:47:43
TXN00088165,2025-03-23 17:27:42,P0150,S023,1,14.68,0.0,,2025-03-23 17:27:42
TXN00097709,2025-04-01 12:19:41,P0080,S001,1,7.63,0.0,,2025-04-01 12:19:41
TXN00044240,2025-02-12 16:05:43,P0176,S024,2,2.79,0.0,,2025-02-12 16:05:43
TXN00008293,2025-01-09 18:39:15,P0125,S018,2,11.4,0.0,,2025-01-09 18:39:15
TXN00025478,2025-01-25 16:17:03,P0028,S012,2,16.57,0.0,,2025-01-25 16:17:03
TXN00054905,2025-02-22 21:59:24,P0043,S005,2,11.15,0.0,,2025-02-22 21:59:24
TXN00047280,2025-02-15 12:03:54,P0203,S023,2,7.49,0.0,,2025-02-15 12:03:54
TXN00112006,2025-04-13 16:59:36,P0164,S019,4,7.78,0.0,,2025-04-13 16:59:36
TXN00066517,2025-03-04 14:25:40,P0176,S012,2,2.78,0.0,,2025-03-04 14:25:40
TXN00112015,2025-04-13 11:35:50,P0172,S003,1,3.69,0.22,,2025-04-13 11:35:50
TXN00116007,2025-04-17 11:22:56,P0021,S023,1,4.67,0.0,,2025-04-17 11:22:56
TXN00130814,2025-04-29 19:44:27,P0146,S006,1,1.85,0.0,,2025-04-29 19:44:27
TXN00026013,2025-01-26 11:39:51,P0058,S022,2,1.76,0.0,,2025-01-26 11:39:51
TXN00090849,2025-03-27 20:24:10,P0172,S002,1,3.75,0.0,,2025-03-27 20:24:10
TXN00090378,2025-03-26 20:22:02,P0068,S004,3,2.49,0.0,,2025-03-26 20:22:02
TXN00057737,2025-02-24 11:47:22,P0139,S015,2,2.45,0.0,,2025-02-24 11:47:22
TXN00013101,2025-01-13 19:02:58,P0079,S007,2,5.21,0.0,,2025-01-13 19:02:58
TXN00055798,2025-02-23 11:40:38,P0150,S006,2,15.01,0.0,,2025-02-23 11:40:38
TXN00116366,2025-04-17 14:46:20,P0149,S001,1,3.58,0.0,,2025-04-17 14:46:20
TXN00005585,2025-01-05 10:40:39,P0172,S014,4,3.6,0.0,,2025-01-05 10:40:39
TXN00029492,2025-01-29 12:18:07,P0150,S001,1,15.06,0.0,,2025-01-29 12:18:07
TXN00124224,2025-04-24 16:48:54,P0003,S011,2,11.74,0.0,,2025-04-24 16:48:54
TXN00106173,2025-04-08 21:59:24,P0053,S009,2,7.28,0.0,,2025-04-08 21:59:24
TXN00074944,2025-03-12 12:04:34,P0131,S015,1,2.13,0.0,,2025-03-12 12:04:34
TXN00128853,2025-04-27 18:45:29,P0161,S008,1,2.92,0.0,,2025-04-27 18:45:29
TXN00083273,2025-03-20 20:37:16,P0146,S024,1,1.82,0.04,,2025-03-20 20:37:16
TXN00007914,2025-01-08 16:47:11,P0195,S022,3,4.79,0.0,,2025-01-08 16:47:11
TXN00091139,2025-03-27 12:14:05,P0142,S022,2,3.9,0.0,,2025-03-27 12:14:05
TXN00049554,2025-02-16 11:47:37,P0172,S027,1,3.65,0.0,,2025-02-16 11:47:37
TXN00093290,2025-03-29 21:59:24,P0121,S001,1,4.14,1.66,C023,2025-03-29 21:59:24
TXN00039013,2025-02-07 18:13:07,P0078,S021,4,9.42,0.0,,2025-02-07 18:13:07
TXN00058611,2025-02-25 16:22:37,P0178,S005,1,5.7,0.0,,2025-02-25 16:22:37
TXN00129857,2025-04-28 18:23:55,P0203,S020,3,7.49,2.14,,2025-04-28 18:23:55
TXN00113048,2025-04-14 17:09:02,P0184,S014,2,18.15,0.0,,2025-04-14 17:09:02
TXN00011573,2025-01-12 13:30:50,P0152,S024,2,7.74,0.0,,2025-01-12 13:30:50
TXN00032103,2025-02-01 19:12:06,P0150,S001,2,15.0,0.0,,2025-02-01 19:12:06
TXN00028749,2025-01-29 11:07:32,P0123,S009,1,11.84,0.0,,2025-01-29 11:07:32
TXN00031560,2025-01-31 17:50:47,P0151,S023,2,9.89,0.0,,2025-01-31 17:50:47
TXN00107604,2025-04-10 18:10:11,P0068,S015,1,2.6,0.0,,2025-04-10 18:10:11
TXN00110748,2025-04-12 10:46:56,P0071,S015,2,25.79,10.32,C013,2025-04-12 10:46:56
TXN00124579,2025-04-25 19:35:27,P0045,S010,2,3.49,0.26,,2025-04-25 19:35:27
TXN00023971,2025-01-24 16:34:12,P0061,S012,1,8.6,0.51,,2025-01-24 16:34:12
TXN00123546,2025-04-24 11:29:18,P0131,S013,1,2.16,0.0,,2025-04-24 11:29:18
TXN00115730,2025-04-17 19:13:14,P0201,S001,3,9.53,0.0,,2025-04-17 19:13:14
TXN00061658,2025-02-28 18:06:22,P0003,S028,3,12.04,0.0,,2025-02-28 18:06:22
TXN00106027,2025-04-08 18:54:31,P0161,S020,2,2.91,0.0,,2025-04-08 18:54:31
TXN00088961,2025-03-24 17:13:23,P0071,S014,2,26.33,10.53,C013,2025-03-24 17:13:23
TXN00088625,2025-03-24 11:14:00,P0150,S001,3,14.71,0.0,,2025-03-24 11:14:00
TXN00007603,2025-01-08 18:36:01,P0171,S001,2,9.62,0.0,,2025-01-08 18:36:01
TXN00037200,2025-02-05 20:13:30,P0008,S014,1,4.36,0.0,,2025-02-05 20:13:30
TXN00087011,2025-03-23 19:57:39,P0037,S001,2,17.97,0.0,,2025-03-23 19:57:39
TXN00103410,2025-04-06 13:40:11,P0161,S022,2,2.85,0.0,,2025-04-06 13:40:11
TXN00028647,2025-01-29 20:24:26,P0170,S006,1,3.52,0.0,,2025-01-29 20:24:26
TXN00111203,2025-04-12 19:35:28,P0186,S024,2,2.89,0.0,,2025-04-12 19:35:28
TXN00030792,2025-01-31 14:17:57,P0199,S027,1,2.61,0.0,,2025-01-31 14:17:57
TXN00083814,2025-03-20 16:52:35,P0197,S005,1,26.73,1.77,,2025-03-20 16:52:35
TXN00041320,2025-02-09 19:41:46,P0068,S025,4,2.55,0.0,,2025-02-09 19:41:46
TXN00063500,2025-03-01 12:02:42,P0161,S018,3,2.96,0.0,,2025-03-01 12:02:42
TXN00049400,2025-02-16 19:00:32,P0213,S027,4,2.15,0.0,,2025-02-16 19:00:32
TXN00035177,2025-02-03 20:00:00,P0018,S014,3,5.07,0.0,,2025-02-03 20:00:00
TXN00062509,2025-03-01 19:31:05,P0102,S011,2,8.13,0.0,,2025-03-01 19:31:05
TXN00047253,2025-02-15 16:19:35,P0049,S005,2,10.51,3.15,C001,2025-02-15 16:19:35
TXN00118151,2025-04-19 18:48:05,P0015,S022,5,6.94,3.47,C004,2025-04-19 18:48:05
TXN00091032,2025-03-27 10:03:49,P0072,S021,3,12.31,0.0,,2025-03-27 10:03:49
TXN00080314,2025-03-16 19:02:04,P0184,S024,3,18.83,0.0,,2025-03-16 19:02:04
TXN00070211,2025-03-08 16:58:05,P0187,S003,2,5.29,0.0,,2025-03-08 16:58:05
TXN00070726,2025-03-08 10:26:19,P0068,S028,1,2.63,0.0,,2025-03-08 10:26:19
TXN00070349,2025-03-08 13:35:47,P0203,S026,1,7.58,0.0,,2025-03-08 13:35:47
TXN00075312,2025-03-12 15:08:14,P0138,S006,1,8.85,0.0,,2025-03-12 15:08:14
TXN00006938,2025-01-07 13:26:17,P0131,S004,4,2.1,0.0,,2025-01-07 13:26:17
TXN00105695,2025-04-07 12:27:48,P0197,S015,3,26.45,3.35,,2025-04-07 12:27:48
TXN00091333,2025-03-27 19:55:38,P0202,S004,3,7.59,0.0,,2025-03-27 19:55:38
TXN00052903,2025-02-20 16:53:06,P0196,S018,2,4.29,0.0,,2025-02-20 16:53:06
TXN00067662,2025-03-05 19:33:10,P0203,S001,3,7.37,0.0,,2025-03-05 19:33:10
TXN00046372,2025-02-14 17:00:07,P0009,S015,1,6.65,0.0,,2025-02-14 17:00:07
TXN00031465,2025-01-31 21:13:30,P0162,S008,1,5.83,0.0,,2025-01-31 21:13:30
TXN00117410,2025-04-18 18:38:04,P0187,S001,4,5.17,0.0,,2025-04-18 18:38:04
TXN00081283,2025-03-17 15:27:33,P0096,S023,4,16.28,0.0,,2025-03-17 15:27:33
TXN00102950,2025-04-05 18:36:51,P0069,S006,4,10.39,0.0,,2025-04-05 18:36:51
TXN00059147,2025-02-26 17:58:22,P0207,S008,1,13.34,0.0,,2025-02-26 17:58:22
TXN00024033,2025-01-24 11:51:59,P0106,S018,2,4.73,0.0,,2025-01-24 11:51:59
TXN00027996,2025-01-28 19:26:32,P0150,S011,2,15.08,0.0,,2025-01-28 19:26:32
TXN00078067,2025-03-15 18:30:12,P0082,S014,1,13.12,0.0,,2025-03-15 18:30:12
TXN00045809,2025-02-14 17:26:09,P0038,S023,1,14.13,0.0,,2025-02-14 17:26:09
TXN00121451,2025-04-21 18:46:34,P0095,S022,2,3.03,0.0,,2025-04-21 18:46:34
TXN00110349,2025-04-12 20:42:53,P0189,S935,2,4.63,0.0,,2025-04-12 20:42:53
TXN00050659,2025-02-18 17:45:46,P0008,S011,5,4.49,4.49,C030,2025-02-18 17:45:46
TXN00066860,2025-03-04 19:29:30,P0071,S027,3,26.17,0.0,,2025-03-04 19:29:30
TXN00097112,2025-03-31 15:46:02,P0038,S001,2,13.49,0.0,,2025-03-31 15:46:02
TXN00082395,2025-03-19 16:16:40,P0059,S024,1,18.82,1.61,,2025-03-19 16:16:40
TXN00101001,2025-04-04 13:54:49,P0032,S007,5,8.33,0.0,,2025-04-04 13:54:49
TXN00017919,2025-01-18 19:01:10,P0053,S012,2,7.27,0.0,,2025-01-18 19:01:10
TXN00131913,2025-04-30 12:06:09,P0146,S028,1,1.83,0.0,,2025-04-30 12:06:09
TXN00037648,2025-02-06 10:22:06,P0068,S014,3,2.49,0.0,,2025-02-06 10:22:06
TXN00106125,2025-04-08 16:27:42,P0033,S007,1,3.59,0.0,,2025-04-08 16:27:42
TXN00046386,2025-02-14 18:18:23,P0172,S025,1,3.67,0.0,,2025-02-14 18:18:23
TXN00002104,2025-01-03 21:47:11,P0179,S018,1,15.16,0.0,,2025-01-03 21:47:11
TXN00095997,2025-03-30 14:58:00,P0099,S014,1,6.62,0.0,,2025-03-30 14:58:00
TXN00120085,2025-04-20 11:42:48,P0186,S004,3,2.76,0.0,,2025-04-20 11:42:48
TXN00064167,2025-03-02 19:46:10,P0068,S022,6,2.61,6.26,C036,2025-03-02 19:46:10
TXN00107699,2025-04-10 16:57:22,P0167,S001,2,1.87,0.0,,2025-04-10 16:57:22
TXN00045356,2025-02-13 11:20:12,P0003,S018,1,11.47,0.0,,2025-02-13 11:20:12
TXN00002500,2025-01-03 17:55:48,P0202,S001,4,7.6,0.0,,2025-01-03 17:55:48
TXN00045221,2025-02-13 13:30:30,P0203,S008,2,7.2,0.0,,2025-02-13 13:30:30
TXN00088393,2025-03-24 12:25:29,P0146,S014,1,1.85,0.0,,2025-03-24 12:25:29
TXN00049442,2025-02-16 16:18:23,P0025,S027,3,1.44,0.28,,2025-02-16 16:18:23
TXN00100718,2025-04-04 20:34:03,P0092,S001,2,4.53,0.0,,2025-04-04 20:34:03
TXN00084966,2025-03-21 17:32:05,P0161,S001,3,2.89,0.22,,2025-03-21 17:32:05
TXN00018157,2025-01-18 20:44:20,P0130,S015,1,12.72,0.0,,2025-01-18 20:44:20
TXN00040401,2025-02-08 18:49:22,P0145,S007,2,8.24,0.0,,2025-02-08 18:49:22
TXN00088759,2025-03-24 21:59:24,P0080,S003,2,7.87,0.0,,2025-03-24 21:59:24
TXN00003120,2025-01-04 11:29:31,P0068,S021,2,2.62,0.0,,2025-01-04 11:29:31
TXN00116355,2025-04-17 12:10:10,P0150,S014,1,15.31,0.0,,2025-04-17 12:10:10
TXN00111852,,P0118,S026,3,10.04,0.0,,2025-04-13 20:23:20
TXN00068017,2025-03-06 14:17:21,P0172,S024,1,3.69,0.0,,2025-03-06 14:17:21
TXN00093347,2025-03-29 18:15:25,P0197,S003,4,26.16,0.0,,2025-03-29 18:15:25
TXN00050205,2025-02-17 19:14:36,P0099,S014,1,6.84,0.0,,2025-02-17 19:14:36
TXN00039243,2025-02-07 17:01:11,P0053,S022,1,7.25,0.0,,2025-02-07 17:01:11
TXN00064162,2025-03-02 19:30:33,P0150,S018,1,14.53,0.0,,2025-03-02 19:30:33
TXN00046798,2025-02-14 14:14:49,P0008,S014,3,4.44,2.66,C030,2025-02-14 14:14:49
TXN00086328,2025-03-22 13:42:36,P0165,S018,4,5.28,2.11,C003,2025-03-22 13:42:36
TXN00031814,2025-02-01 20:24:08,P0149,S018,2,3.48,0.0,,2025-02-01 20:24:08
TXN00010966,2025-01-11 10:40:31,P0068,S024,1,2.57,0.0,,2025-01-11 10:40:31
TXN00073433,2025-03-10 14:24:04,P0047,S015,2,12.12,0.0,,2025-03-10 14:24:04
TXN00065283,2025-03-03 19:14:48,P0149,S014,2,3.53,0.0,,2025-03-03 19:14:48
TXN00067845,2025-03-06 18:39:19,P0150,S010,3,14.95,2.04,,2025-03-06 18:39:19
TXN00089671,2025-03-25 19:55:52,P0182,S008,3,16.02,0.0,,2025-03-25 19:55:52
TXN00097118,2025-03-31 13:30:03,P0202,S027,1,7.42,0.0,,2025-03-31 13:30:03
TXN00018167,2025-01-18 13:09:46,P0150,S004,1,15.3,0.0,,2025-01-18 13:09:46
TXN00018619,2025-01-19 10:45:09,P0119,S014,3,4.51,0.0,,2025-01-19 10:45:09
TXN00035158,2025-02-03 18:45:59,P0051,S024,4,14.89,23.82,C026,2025-02-03 18:45:59
TXN00086248,2025-03-22 18:00:15,P0199,S021,2,2.6,0.0,,2025-03-22 18:00:15
TXN00097531,2025-04-01 15:14:33,P0123,S021,1,11.75,0.0,,2025-04-01 15:14:33
TXN00106977,2025-04-09 18:53:29,P0197,S016,2,27.41,0.0,,2025-04-09 18:53:29
TXN00097966,2025-04-01 11:26:11,P0059,S008,1,18.45,0.0,,2025-04-01 11:26:11
TXN00094657,2025-03-29 13:33:18,P0007,S007,2,9.39,0.0,,2025-03-29 13:33:18
TXN00000680,2025-01-01 21:59:24,P0013,S019,2,5.24,0.0,,2025-01-01 21:59:24
TXN00092658,2025-03-28 15:30:50,P0068,S028,2,2.51,0.0,,2025-03-28 15:30:50
TXN00126907,2025-04-26 15:43:20,P0131,S016,2,2.09,0.0,,2025-04-26 15:43:20
TXN00057039,2025-02-23 18:06:47,P0008,S026,2,4.42,0.0,,2025-02-23 18:06:47
TXN00091949,2025-03-28 17:54:48,P0059,S024,2,18.92,0.0,,2025-03-28 17:54:48
TXN00089994,2025-03-26 14:46:06,P0207,S006,2,13.42,0.86,,2025-03-26 14:46:06
TXN00002207,2025-01-03 12:39:18,P0149,S015,3,3.56,0.0,,2025-01-03 12:39:18
TXN00068146,2025-03-06 13:07:29,P0168,S014,4,8.63,0.0,,2025-03-06 13:07:29
TXN00039976,2025-02-08 19:00:27,P0068,S001,2,2.56,0.0,,2025-02-08 19:00:27
TXN00022609,2025-01-23 14:32:10,P0006,S027,2,4.23,0.0,,2025-01-23 14:32:10
TXN00099340,2025-04-02 20:36:44,P0048,S001,2,3.34,0.67,C002,2025-04-02 20:36:44
TXN00032666,2025-02-01 09:51:26,P0131,S002,2,2.13,0.0,,2025-02-01 09:51:26
TXN00038818,2025-02-07 13:22:02,P0068,S022,1,2.62,0.0,,2025-02-07 13:22:02
TXN00095777,2025-03-30 11:47:52,P0071,S016,2,26.61,10.64,C013,2025-03-30 11:47:52
TXN00071887,2025-03-09 12:57:46,P0161,S015,3,2.97,1.34,C011,2025-03-09 12:57:46
TXN00102902,2025-04-05 17:23:22,P0001,S027,1,11.94,0.0,,2025-04-05 17:23:22
TXN00054043,2025-02-21 21:09:49,P0132,S014,2,13.05,0.0,,2025-02-21 21:09:49
TXN00084310,2025-03-21 19:35:12,P0150,S021,2,15.23,0.0,,2025-03-21 19:35:12
TXN00007826,2025-01-08 18:15:37,P0198,S017,1,11.81,0.0,,2025-01-08 18:15:37
TXN00096422,2025-03-30 14:11:26,P0126,S020,2,14.5,0.0,,2025-03-30 14:11:26
TXN00047117,2025-02-15 11:25:52,P0008,S015,2,4.33,1.73,C030,2025-02-15 11:25:52
TXN00018729,2025-01-19 18:03:48,P0163,S005,2,5.82,0.23,,2025-02-02 18:03:48
TXN00053317,2025-02-21 11:15:21,P0124,S024,1,9.79,0.0,,2025-02-21 11:15:21
TXN00002048,2025-01-03 18:30:34,P0193,S014,3,9.6,0.0,,2025-01-03 18:30:34
TXN00021713,2025-01-22 11:27:34,P0072,S004,1,12.37,0.0,,2025-01-22 11:27:34
TXN00037371,2025-02-05 13:10:05,P0025,S007,1,1.46,0.0,,2025-02-05 13:10:05
TXN00104240,2025-04-06 16:26:30,P0130,S001,2,12.8,10.24,C032,2025-04-06 16:26:30
TXN00047715,2025-02-15 12:45:44,P0053,,2,7.39,0.0,,2025-02-15 12:45:44
TXN00008373,2025-01-09 11:56:53,P0108,S023,2,20.25,0.0,,2025-01-09 11:56:53
TXN00104839,2025-04-07 18:53:07,P0121,S019,2,4.2,3.36,C023,2025-04-07 18:53:07
TXN00066757,2025-03-04 16:08:31,P0050,S018,1,1.25,0.0,,2025-03-04 16:08:31
TXN00116036,2025-04-17 18:34:33,P0068,S027,2,2.63,0.0,,2025-04-17 18:34:33
TXN00060620,2025-02-28 13:58:17,P0045,S027,1,3.38,0.0,,2025-02-28 13:58:17
TXN00065921,2025-03-03 13:05:18,P0189,S018,5,4.85,4.85,C022,2025-03-03 13:05:18
TXN00014313,2025-01-15 20:34:24,P0087,S022,2,12.49,0.0,,2025-01-15 20:34:24
TXN00002543,2025-01-03 13:33:38,P0119,S021,1,4.49,0.0,,2025-01-03 13:33:38
TXN00042619,2025-02-10 12:15:33,P0059,S006,2,18.25,5.48,C008,2025-02-10 12:15:33
TXN00084992,2025-03-21 13:56:55,P0065,S004,1,1.23,0.0,,2025-03-21 13:56:55
TXN00046511,2025-02-14 12:53:03,P0190,S020,5,11.52,0.0,,2025-02-14 12:53:03
TXN00111606,2025-04-13 17:15:25,P0154,S027,2,4.84,0.0,,2025-04-13 17:15:25
TXN00026274,2025-01-26 18:21:49,P0198,S015,2,11.91,0.0,,2025-01-26 18:21:49
TXN00022457,2025-01-23 18:55:16,P0142,S012,1,3.69,0.0,,2025-01-23 18:55:16
TXN00029627,2025-01-30 14:49:11,P0092,S013,2,4.65,0.0,,2025-01-30 14:49:11
TXN00056411,2025-02-23 16:21:44,P0211,S011,1,13.11,0.0,,2025-02-23 16:21:44
TXN00026511,2025-01-26 15:54:11,P0210,S004,1,11.72,0.0,,2025-01-26 15:54:11
TXN00083998,2025-03-20 12:17:25,P0184,S001,2,18.98,0.0,,2025-03-20 12:17:25
TXN00052327,2025-02-20 11:27:45,P0049,S002,3,10.77,4.85,C001,2025-02-20 11:27:45
TXN00122918,2025-04-23 18:51:25,P0135,S015,1,1.31,0.09,,2025-04-23 18:51:25
TXN00004587,2025-01-05 17:54:43,P0172,S011,1,3.6,0.0,,2025-01-05 17:54:43
TXN00004112,2025-01-04 13:11:27,P0112,S003,2,10.8,0.0,,2025-01-04 13:11:27
TXN00042111,2025-02-09 12:38:24,P0079,S022,2,5.33,0.0,,2025-02-09 12:38:24
TXN00121530,2025-04-21 17:21:06,P0116,S004,4,12.41,0.0,,2025-04-21 17:21:06
TXN00000912,2025-01-02 12:18:01,P0189,S008,2,4.84,0.0,,2025-01-02 12:18:01
TXN00014545,2025-01-15 11:19:34,P0123,S008,2,11.28,0.0,,2025-01-15 11:19:34
TXN00126127,2025-04-26 18:57:24,P0139,S022,3,2.46,0.0,,2025-04-26 18:57:24
TXN00054321,2025-02-22 21:21:09,P0079,S024,1,5.34,0.0,,2025-02-22 21:21:09
TXN00080747,2025-03-17 19:25:44,P0025,S024,1,1.42,0.0,,2025-03-17 19:25:44
TXN00012856,2025-01-13 18:20:17,P0176,S024,2,2.75,0.0,,2025-01-13 18:20:17
TXN00060678,2025-02-28 19:51:54,P0130,S012,3,12.82,0.0,,2025-02-28 19:51:54
TXN00028489,2025-01-28 12:46:46,P0147,S015,2,12.43,0.0,,2025-01-28 12:46:46
TXN00116830,2025-04-18 12:13:41,P0161,S025,1,2.88,0.1,,2025-04-18 12:13:41
TXN00088645,2025-03-24 21:06:35,P0078,S020,4,9.43,0.0,,2025-03-24 21:06:35
TXN00045120,2025-02-13 13:28:08,P0043,S011,2,10.99,0.0,,2025-02-13 13:28:08
TXN00127644,2025-04-27 13:33:33,P0189,S007,2,4.62,0.0,,2025-04-27 13:33:33
TXN00076504,2025-03-14 18:34:36,P0025,S006,3,1.43,0.0,,2025-03-14 18:34:36
TXN00071315,2025-03-08 19:10:52,P0010,S015,1,8.96,0.0,,2025-03-08 19:10:52
TXN00118901,2025-04-19 11:52:41,P0093,S028,1,4.64,0.0,,2025-04-19 11:52:41
TXN00020870,2025-01-21 10:13:55,P0068,S011,2,2.5,0.0,,2025-01-21 10:13:55
TXN00101279,2025-04-04 16:15:42,P0054,S008,3,6.9,2.07,C016,2025-04-04 16:15:42
TXN00064518,2025-03-02 17:37:21,P0171,S006,3,9.42,0.0,,2025-03-02 17:37:21
TXN00129870,2025-04-28 12:48:15,P0050,S009,3,1.24,0.0,,2025-04-28 12:48:15
TXN00045602,2025-02-13 18:34:35,P0177,S026,2,6.19,0.0,,2025-02-13 18:34:35
TXN00074820,2025-03-12 19:27:46,P0188,S018,2,9.26,0.0,,2025-03-12 19:27:46
TXN00036106,2025-02-04 20:10:29,P0046,S004,2,9.32,0.0,,2025-02-04 20:10:29
TXN00131304,2025-04-30 11:18:17,P0102,S001,2,8.1,0.0,,2025-04-30 11:18:17
TXN00017756,2025-01-18 08:00:00,P0113,S018,3,14.47,0.0,,2025-01-18 08:00:00
TXN00004551,2025-01-05 18:46:05,P0068,S022,2,2.53,0.0,,2025-01-05 18:46:05
TXN00035016,2025-02-03 15:09:55,P0146,S028,1,1.81,0.0,,2025-02-03 15:09:55
TXN00099648,2025-04-03 16:48:39,P0207,S015,1,13.77,0.0,,2025-04-03 16:48:39
TXN00108821,2025-04-11 19:21:58,P0193,S026,1,9.11,0.0,,2025-04-11 19:21:58
TXN00111315,2025-04-13 12:20:18,P0176,S004,5,2.79,0.0,,2025-04-13 12:20:18
TXN00009683,2025-01-10 11:32:48,P0079,S009,1,5.24,0.0,,2025-01-10 11:32:48
TXN00118028,2025-04-19 19:21:23,P0050,S003,2,1.26,0.38,C033,2025-04-19 19:21:23
TXN00014650,2025-01-15 15:03:46,P0207,S028,1,13.3,0.0,,2025-01-15 15:03:46
TXN00024417,2025-01-25 17:43:36,P0163,S011,2,5.81,0.0,,2025-01-25 17:43:36
TXN00115455,2025-04-17 18:30:16,P0083,S018,2,7.94,1.17,,2025-04-17 18:30:16
TXN00005488,2025-01-05 19:37:25,P0068,S012,2,2.57,0.0,,2025-01-05 19:37:25
TXN00012270,2025-01-12 18:53:57,P0150,S001,2,14.74,0.0,,2025-01-12 18:53:57
TXN00116678,2025-04-18 19:34:20,P0068,S027,1,2.61,0.0,,2025-04-18 19:34:20
TXN00121239,2025-04-21 11:29:29,P0140,S027,2,13.25,0.0,,2025-04-21 11:29:29
TXN00119662,2025-04-20 21:32:26,P0150,S013,2,15.3,0.0,,2025-04-20 21:32:26
TXN00056339,2025-02-23 20:25:34,P0068,S013,3,2.64,0.0,,2025-02-23 20:25:34
TXN00080681,2025-03-17 11:42:04,P0046,S013,2,9.57,0.0,,2025-03-17 11:42:04
TXN00106205,2025-04-08 16:35:30,P0164,S028,2,7.68,0.0,,2025-04-08 16:35:30
TXN00016238,2025-01-17 17:55:53,P0150,S016,1,14.99,0.0,,2025-01-17 17:55:53
TXN00022690,2025-01-23 19:46:21,P0087,S009,3,12.74,0.0,,2025-01-23 19:46:21
TXN00068043,2025-03-06 09:09:27,P0161,S023,1,2.88,0.0,,2025-03-06 09:09:27
TXN00000787,2025-01-01 19:08:58,P0146,S016,1,1.79,0.0,,2025-01-01 19:08:58
TXN00073480,2025-03-10 19:38:51,P0065,S008,1,1.23,0.0,,2025-03-10 19:38:51
TXN00047963,2025-02-15 13:18:03,P0210,S001,1,11.92,0.0,,2025-02-15 13:18:03
TXN00115481,2025-04-17 19:08:08,P0084,S007,1,15.86,0.0,,2025-04-17 19:08:08
TXN00102681,2025-04-05 12:41:50,P0207,S006,1,13.67,0.0,,2025-04-05 12:41:50
TXN00062588,2025-03-01 21:59:24,P0096,S014,2,16.55,6.62,C019,2025-03-01 21:59:24
TXN00017917,2025-01-18 12:05:15,P0132,S009,2,12.34,0.0,,2025-01-18 12:05:15
TXN00028585,2025-01-28 17:50:25,P0041,S009,1,6.65,0.0,,2025-01-28 17:50:25
TXN00127821,2025-04-27 13:02:47,P0069,S010,1,10.48,0.0,,2025-04-27 13:02:47
TXN00006785,2025-01-07 13:39:19,P0139,S028,5,2.4,0.0,,2025-01-07 13:39:19
TXN00116609,2025-04-18 13:09:50,P0057,S026,1,11.92,0.0,,2025-04-18 13:09:50
TXN00017882,2025-01-18 18:15:20,P0187,S027,2,5.19,0.0,,2025-01-18 18:15:20
TXN00126463,2025-04-26 14:31:56,P0014,S008,3,6.82,0.0,,2025-04-26 14:31:56
TXN00069936,2025-03-08 17:23:03,P0068,S009,2,2.62,0.0,,2025-03-08 17:23:03
TXN00103934,2025-04-06 19:20:31,P0093,S008,3,4.78,1.18,,2025-04-06 19:20:31
TXN00086264,2025-03-22 20:53:42,P0038,S006,3,13.67,0.0,,2025-03-22 20:53:42
TXN00098086,2025-04-01 11:07:47,P0079,S022,1,5.3,0.0,,2025-04-01 11:07:47
TXN00077356,2025-03-14 13:34:05,P0048,S024,1,3.42,0.0,,2025-03-14 13:34:05
TXN00080421,2025-03-16 11:45:30,P0020,S008,2,7.94,0.0,,2025-03-16 11:45:30
TXN00026083,2025-01-26 20:50:43,P0146,S011,1,1.82,0.0,,2025-01-26 20:50:43
TXN00095383,2025-03-30 21:24:46,P0068,S024,1,2.57,0.09,,2025-03-30 21:24:46
TXN00037674,2025-02-06 13:38:02,P0172,S023,3,3.68,0.0,,2025-02-06 13:38:02
TXN00040826,2025-02-08 18:25:18,P0087,S027,1,12.45,0.0,,2025-02-08 18:25:18
TXN00100638,2025-04-04 10:28:48,P0096,S027,3,16.25,0.0,,2025-04-04 10:28:48
TXN00115337,2025-04-16 12:00:29,P0068,S024,1,2.49,0.0,,2025-04-16 12:00:29
TXN00012305,2025-01-12 13:12:39,P0213,S020,2,2.16,0.0,,2025-01-12 13:12:39
TXN00109015,2025-04-11 19:05:52,P0211,S006,2,13.11,0.0,,2025-04-11 19:05:52
TXN00016174,2025-01-17 19:53:24,P0069,S006,3,10.56,0.0,,2025-01-17 19:53:24
TXN00049508,2025-02-16 19:31:33,P0112,S023,1,10.91,0.0,,2025-02-16 19:31:33
TXN00022963,2025-01-23 13:41:21,P0003,S013,1,11.78,0.0,,2025-01-23 13:41:21
TXN00081800,2025-03-18 21:02:36,P0034,S010,2,8.69,0.0,,2025-03-18 21:02:36
TXN00129737,2025-04-28 13:12:18,P0161,S021,2,2.89,0.0,,2025-04-28 13:12:18
TXN00006836,2025-01-07 15:55:24,P0068,S027,2,2.52,0.0,,2025-01-07 15:55:24
TXN00019656,2025-01-19 12:46:20,P0016,S021,4,19.64,0.0,,2025-01-19 12:46:20
TXN00030904,2025-01-31 12:53:01,P0068,S014,3,2.54,0.0,,2025-01-31 12:53:01
TXN00037307,2025-02-05 18:35:01,P0138,S021,5,9.19,0.0,,2025-02-05 18:35:01
TXN00102355,2025-04-05 21:59:24,P0203,S008,2,7.17,0.0,,2025-04-05 21:59:24
TXN00035595,2025-02-03 12:48:37,P0189,S008,2,4.62,0.0,,2025-02-03 12:48:37
TXN00058867,2025-02-26 14:32:09,P0068,S009,2,2.57,2.06,C036,2025-02-26 14:32:09
TXN00060084,2025-02-27 18:03:53,P0068,S001,3,2.5,3.0,C036,2025-02-27 18:03:53
TXN00128835,2025-04-27 12:00:35,P0085,S008,2,8.17,0.0,,2025-04-27 12:00:35
TXN00038817,2025-02-07 19:05:57,P0008,S022,1,4.34,0.0,,2025-02-07 19:05:57
TXN00076776,2025-03-14 12:04:31,P0068,S006,2,2.51,0.0,,2025-03-14 12:04:31
TXN00119194,2025-04-19 20:48:05,P0046,S024,3,9.48,0.0,,2025-04-19 20:48:05
TXN00031728,2025-01-31 19:34:32,P0049,S008,1,10.45,0.0,,2025-01-31 19:34:32
TXN00031374,2025-01-31 19:18:36,P0064,S014,1,20.71,0.0,,2025-01-31 19:18:36
TXN00127625,2025-04-27 20:10:12,P0150,S015,2,14.61,0.0,,2025-04-27 20:10:12
TXN00078952,2025-03-15 12:18:10,P0150,S018,3,14.78,0.0,,2025-03-15 12:18:10
TXN00029527,2025-01-29 17:32:13,P0059,S018,5,18.66,14.0,C008,2025-01-29 17:32:13
TXN00045050,2025-02-13 17:22:37,P0150,S006,4,15.33,0.0,,2025-02-13 17:22:37
TXN00091832,2025-03-28 18:45:45,P0001,S006,1,11.46,0.0,,2025-03-28 18:45:45
TXN00090963,2025-03-27 19:01:37,P0068,S027,2,2.57,0.0,,2025-03-27 19:01:37
TXN00086296,2025-03-22 13:41:13,P0196,S023,1,4.28,0.0,,2025-03-22 13:41:13
TXN00104736,2025-04-06 19:42:56,P0146,S015,6,1.88,2.82,C034,2025-04-06 19:42:56
TXN00124025,2025-04-24 16:46:20,P0068,S004,3,2.49,0.0,,2025-04-24 16:46:20
TXN00013376,2025-01-13 12:08:21,P0150,S024,2,15.36,0.0,,2025-01-13 12:08:21
TXN00074017,2025-03-11 11:52:06,P0150,S011,2,14.69,0.0,,2025-03-11 11:52:06
TXN00021909,2025-01-22 17:30:33,P0059,S013,2,19.04,0.0,,2025-01-22 17:30:33
TXN00067605,2025-03-05 11:37:56,P0068,S006,2,2.53,2.02,C036,2025-03-05 11:37:56
TXN00126824,2025-04-26 12:35:16,P0217,S023,1,9.0,0.0,,2025-04-26 12:35:16
TXN00085722,2025-03-22 12:48:41,P0131,S028,3,2.09,0.0,,2025-03-22 12:48:41
TXN00125636,2025-04-25 17:09:53,P0003,S008,1,11.91,0.0,,2025-04-25 17:09:53
TXN00015834,2025-01-16 11:22:52,P0161,S022,1,2.96,0.0,,2025-01-16 11:22:52
TXN00119966,2025-04-20 21:59:24,P0068,S028,3,2.53,0.0,,2025-04-20 21:59:24
TXN00103353,2025-04-06 20:06:39,P0181,S010,2,1.13,0.0,,2025-04-06 20:06:39
TXN00098424,2025-04-01 13:26:16,P0149,S010,2,3.52,0.0,,2025-04-01 13:26:16
TXN00042408,2025-02-10 17:13:19,P0110,S006,2,3.87,0.0,,2025-02-10 17:13:19
TXN00088703,2025-03-24 20:34:41,P0109,S026,2,9.06,0.0,,2025-03-24 20:34:41
TXN00098173,2025-04-01 10:21:24,P0055,S007,3,8.77,0.0,,2025-04-01 10:21:24
TXN00089541,2025-03-25 11:54:32,P0053,S012,1,7.27,0.51,,2025-03-25 11:54:32
TXN00014993,2025-01-15 12:28:39,P0158,S006,1,2.93,0.0,,2025-01-15 12:28:39
TXN00110921,2025-04-12 12:20:21,P0061,S006,3,8.77,0.0,,2025-04-12 12:20:21
TXN00015865,2025-01-16 13:11:54,P0068,S011,1,2.49,0.0,,2025-01-16 13:11:54
TXN00117067,2025-04-18 13:49:01,P0171,S002,2,9.43,0.0,,2025-04-18 13:49:01
TXN00108132,2025-04-10 20:10:54,P0079,S022,2,5.51,0.38,,2025-04-10 20:10:54
TXN00089161,2025-03-25 21:59:24,P0102,S006,2,8.14,0.0,,2025-03-25 21:59:24
TXN00065936,2025-03-03 12:53:59,P0069,S015,2,10.89,1.92,,2025-03-03 12:53:59
TXN00089000,2025-03-24 10:14:56,P0146,S028,3,1.86,0.0,,2025-03-24 10:14:56
TXN00056863,2025-02-23 12:57:55,P0073,S014,2,6.69,0.0,,2025-02-23 12:57:55
TXN00080115,2025-03-16 16:36:06,P0156,S015,2,16.7,0.0,,2025-03-16 16:36:06
TXN00101572,2025-04-04 21:59:24,P0132,S011,1,12.48,0.7,,2025-04-04 21:59:24
TXN00093176,2025-03-29 18:05:32,P0071,S015,1,25.69,5.14,C013,2025-03-29 18:05:32
TXN00002224,2025-01-03 21:42:40,P0084,S028,2,16.28,0.0,,2025-01-03 21:42:40
TXN00029060,2025-01-29 18:41:44,P0164,S022,2,7.96,0.0,,2025-01-29 18:41:44
TXN00043872,2025-02-11 17:06:24,P0068,S009,2,2.59,0.0,,2025-02-11 17:06:24
TXN00068127,2025-03-06 13:40:35,P0193,S006,1,9.12,0.0,,2025-03-06 13:40:35
TXN00117409,2025-04-18 16:09:32,P0172,S015,3,3.77,2.26,C018,2025-04-18 16:09:32
TXN00032413,2025-02-01 09:56:28,P0171,S006,2,9.82,0.0,,2025-02-01 09:56:28
TXN00119200,2025-04-19 15:34:34,P0037,S027,2,17.97,0.0,,2025-04-19 15:34:34
TXN00016603,2025-01-17 15:28:24,P0193,S028,3,9.15,0.0,,2025-01-17 15:28:24
TXN00121105,2025-04-21 19:33:21,P0059,S006,1,18.63,0.0,,2025-04-21 19:33:21
TXN00040111,2025-02-08 21:31:38,P0058,S024,1,1.77,0.0,,2025-02-08 21:31:38
TXN00030892,2025-01-31 20:58:19,P0130,S008,2,13.07,0.0,,2025-01-31 20:58:19
TXN00123727,2025-04-24 10:17:58,P0068,S014,1,2.56,0.0,,2025-04-24 10:17:58
TXN00067004,2025-03-05 10:10:33,P0025,S013,2,1.45,0.0,,2025-03-05 10:10:33
TXN00024558,2025-01-25 21:59:24,P0146,S005,2,1.87,0.0,,2025-01-25 21:59:24
TXN00010777,2025-01-11 20:36:40,P0150,S010,3,14.65,0.0,,2025-01-11 20:36:40
TXN00006510,2025-01-07 13:52:54,P0123,S008,1,11.85,0.0,,2025-01-07 13:52:54
TXN00049961,2025-02-17 17:43:39,P0068,S008,2,2.49,0.0,,2025-02-17 17:43:39
TXN00078800,2025-03-15 18:01:51,P0193,S018,1,9.6,0.0,,2025-03-15 18:01:51
TXN00037804,2025-02-06 19:30:03,P0032,S008,2,8.78,0.0,,2025-02-06 19:30:03
TXN00105926,2025-04-08 20:38:02,P0161,S027,1,2.87,0.0,,2025-04-08 20:38:02
TXN00002260,2025-01-03 17:32:00,P0146,S018,1,1.83,0.0,,2025-01-03 17:32:00
TXN00055135,2025-02-22 15:21:52,P0150,S018,2,15.32,0.0,,2025-02-22 15:21:52
TXN00110664,2025-04-12 11:35:09,P0172,S027,2,3.7,0.0,,2025-04-12 11:35:09
TXN00082153,2025-03-18 13:57:51,P0146,S001,2,1.91,0.0,,2025-03-18 13:57:51
TXN00075298,2025-03-12 12:17:03,P0207,S022,5,13.79,27.58,C024,2025-03-12 12:17:03
TXN00039567,2025-02-08 14:56:32,P0150,S006,1,14.84,0.0,,2025-02-08 14:56:32
TXN00005211,2025-01-05 17:59:07,P0065,S001,2,1.2,0.0,,2025-01-05 17:59:07
TXN00010320,2025-01-11 19:17:05,P0049,S027,2,10.84,0.0,,2025-01-11 19:17:05
TXN00037703,2025-02-06 19:35:49,P0098,S026,4,15.67,0.0,,2025-02-06 19:35:49
TXN00086554,2025-03-22 19:17:04,P0145,S027,1,8.57,0.0,,2025-03-22 19:17:04
TXN00039480,2025-02-07 16:21:38,P0161,S006,1,2.87,0.0,,2025-02-07 16:21:38
TXN00121519,2025-04-21 10:16:28,P0172,S027,1,3.63,0.73,C018,2025-04-21 10:16:28
TXN00065891,2025-03-03 19:30:27,P0068,S022,2,2.52,2.02,C036,2025-03-03 19:30:27
TXN00043749,2025-02-11 13:35:31,P0187,S017,2,5.14,0.76,,2025-02-11 13:35:31
TXN00073596,2025-03-10 20:31:20,P0207,S011,1,13.62,5.45,C024,2025-03-10 20:31:20
TXN00033224,2025-02-01 21:14:21,P0161,S007,3,3.01,0.0,,2025-02-01 21:14:21
TXN00098005,2025-04-01 12:32:31,P0161,S022,1,3.02,0.0,,2025-04-01 12:32:31
TXN00019717,2025-01-19 21:59:24,P0150,S004,1,15.3,0.0,,2025-01-19 21:59:24
TXN00018770,2025-01-19 17:06:22,P0100,S014,3,1.19,0.0,,2025-01-19 17:06:22
TXN00101108,2025-04-04 14:02:25,P0025,S018,1,1.4,0.0,,2025-04-04 14:02:25
TXN00011967,2025-01-12 19:03:58,P0171,S017,1,9.58,0.0,,2025-01-12 19:03:58
TXN00081143,2025-03-17 09:34:55,P0208,S013,1,8.69,0.0,,2025-03-17 09:34:55
TXN00118471,2025-04-19 19:32:14,P0160,S975,1,4.2,1.47,C021,2025-04-19 19:32:14
TXN00116482,2025-04-18 19:29:59,P0043,S024,3,10.86,0.0,,2025-04-18 19:29:59
TXN00034771,2025-02-02 17:24:42,P0068,S013,1,2.57,0.0,,2025-02-02 17:24:42
TXN00064509,2025-03-02 19:23:52,P0068,S005,4,2.64,4.22,C036,2025-03-02 19:23:52
TXN00122155,2025-04-22 21:04:25,P0199,S011,1,2.68,0.0,,2025-04-22 21:04:25
TXN00034983,2025-02-03 19:27:20,P0068,S014,1,2.63,0.0,,2025-02-03 19:27:20
TXN00129135,2025-04-28 17:45:10,P0068,S004,1,2.57,0.0,,2025-04-28 17:45:10
TXN00077288,2025-03-14 19:43:16,P0041,S014,3,6.44,0.0,,2025-03-14 19:43:16
TXN00131916,2025-04-30 15:20:28,P0095,S024,2,3.02,0.0,,2025-04-30 15:20:28
TXN00103664,2025-04-06 11:55:51,P0002,S018,2,14.32,0.0,,2025-04-06 11:55:51
TXN00039667,2025-02-08 13:31:47,P0150,S011,3,15.05,0.0,,2025-02-08 13:31:47
TXN00097421,2025-03-31 12:00:04,P0146,S018,2,1.81,0.0,,2025-03-31 12:00:04
TXN00047138,2025-02-15 13:31:21,P0068,S028,2,2.55,0.0,,2025-02-15 13:31:21
TXN00018189,2025-01-18 11:00:00,P0153,S018,1,1.93,0.0,,2025-01-21 11:00:00
TXN00083388,2025-03-20 18:03:33,P0171,S026,1,9.83,0.0,,2025-03-20 18:03:33
TXN00127256,2025-04-26 10:49:18,P0150,S008,1,14.61,0.0,,2025-04-26 10:49:18
TXN00072667,2025-03-09 20:34:43,P0203,S014,3,7.33,0.0,,2025-03-09 20:34:43
TXN00072639,2025-03-09 11:20:47,P0217,S010,1,9.05,0.81,,2025-03-09 11:20:47
TXN00041360,2025-02-09 17:53:02,P0008,S005,1,4.45,0.4,,2025-02-09 17:53:02
TXN00086239,2025-03-22 18:52:42,P0008,S024,1,4.39,0.0,,2025-03-22 18:52:42
TXN00069458,2025-03-07 20:16:16,P0099,S023,1,6.82,0.0,,2025-03-07 20:16:16
TXN00036124,2025-02-04 11:55:00,P0071,S027,5,26.65,0.0,,2025-02-04 11:55:00
TXN00064161,2025-03-02 18:29:19,P0204,S026,1,9.58,0.0,,2025-03-02 18:29:19
TXN00012246,2025-01-12 17:32:50,P0056,S003,1,12.76,0.0,,2025-01-12 17:32:50
TXN00098884,2025-04-02 19:33:06,P0025,S022,2,1.41,0.0,,2025-04-02 19:33:06
TXN00000329,2025-01-01 18:42:51,P0079,S001,3,5.48,0.0,,2025-01-01 18:42:51
TXN00002440,2025-01-03 14:15:21,P0076,S002,1,9.22,0.0,,2025-01-03 14:15:21
TXN00046945,2025-02-15 20:52:08,P0203,S016,2,7.23,0.0,,2025-02-15 20:52:08
TXN00035106,2025-02-03 12:47:11,P0068,S028,2,2.62,0.0,,2025-02-03 12:47:11
TXN00113157,2025-04-14 12:57:27,P0065,S014,2,1.21,0.0,,2025-04-14 12:57:27
TXN00008791,2025-01-09 18:43:35,P0003,S002,1,11.71,0.56,,2025-01-09 18:43:35
TXN00131538,2025-04-30 10:59:21,P0150,S027,3,15.35,0.0,,2025-04-30 10:59:21
TXN00116242,2025-04-17 12:11:03,P0100,S011,2,1.23,0.0,,2025-04-17 12:11:03
TXN00028064,2025-01-28 18:37:38,P0092,S018,2,4.57,0.0,,2025-01-28 18:37:38
TXN00061484,2025-02-28 18:25:22,P0068,S008,2,2.58,2.06,C036,2025-02-28 18:25:22
TXN00075746,2025-03-13 19:20:37,P0213,S008,1,2.08,0.0,,2025-03-13 19:20:37
TXN00031934,2025-02-01 19:20:02,P0141,S007,1,11.52,0.0,,2025-02-01 19:20:02
TXN00093262,2025-03-29 11:27:13,P0038,S024,2,13.5,0.0,,2025-03-29 11:27:13
TXN00007007,2025-01-07 20:35:31,P0124,S003,2,10.09,0.0,,2025-01-07 20:35:31
TXN00001924,2025-01-03 13:45:09,P0203,S001,2,7.47,0.0,,2025-01-03 13:45:09
TXN00056192,2025-02-23 14:07:41,P0150,S014,3,15.09,0.0,,2025-02-23 14:07:41
TXN00010405,2025-01-11 16:53:44,P0068,S006,2,2.56,0.0,,2025-01-11 16:53:44
TXN00058471,2025-02-25 12:07:20,P0150,S014,1,14.93,0.0,,2025-02-25 12:07:20
TXN00065807,2025-03-03 16:59:28,P0068,S014,1,2.57,1.03,C036,2025-03-03 16:59:28
TXN00129845,2025-04-28 12:30:16,P0150,S018,1,15.11,0.0,,2025-04-28 12:30:16
TXN00021707,2025-01-22 14:20:30,P0092,S018,3,4.52,0.0,,2025-01-22 14:20:30
TXN00047604,2025-02-15 16:37:03,P0124,S013,4,9.98,0.0,,2025-02-15 16:37:03
TXN00127677,2025-04-27 14:09:55,P0198,S006,1,11.74,0.0,,2025-04-27 14:09:55
TXN00080928,2025-03-17 12:44:22,P0117,S018,5,2.78,0.0,,2025-03-17 12:44:22
TXN00085689,2025-03-22 09:48:30,P0059,S004,1,18.26,0.0,,2025-03-22 09:48:30
TXN00063386,2025-03-01 21:35:26,P0212,S012,3,4.65,0.0,,2025-03-01 21:35:26
TXN00035285,2025-02-03 18:55:19,P0020,S022,3,8.19,0.0,,2025-02-03 18:55:19
TXN00101917,2025-04-05 20:43:18,P0008,S015,2,4.44,0.0,,2025-04-05 20:43:18
TXN00046513,2025-02-14 16:59:47,P0079,S021,2,5.41,0.0,,2025-02-14 16:59:47
TXN00029151,2025-01-29 11:35:16,P0087,S001,1,12.87,0.0,,2025-01-29 11:35:16
TXN00007182,2025-01-07 14:08:14,P0079,S015,2,5.33,0.0,,2025-01-07 14:08:14
TXN00014977,2025-01-15 09:53:06,P0065,S003,3,1.2,0.0,C935,2025-01-15 09:53:06
TXN00031825,2025-02-01 11:26:29,P0133,S014,2,8.1,0.0,,2025-02-01 11:26:29
TXN00120454,2025-04-20 17:59:39,P0142,S013,2,3.89,0.0,,2025-04-20 17:59:39
TXN00060737,2025-02-28 19:37:44,P0068,S011,2,2.61,2.09,C036,2025-02-28 19:37:44
TXN00082531,2025-03-19 17:49:25,P0013,S004,1,5.22,0.0,,2025-03-19 17:49:25
TXN00039763,2025-02-08 11:51:35,P0188,S010,2,9.31,0.0,,2025-02-08 11:51:35
TXN00017162,2025-01-18 13:28:20,P0079,S026,2,5.22,0.0,,2025-01-18 13:28:20
TXN00076433,2025-03-14 19:29:26,P0011,S014,3,5.0,0.0,,2025-03-14 19:29:26
TXN00068989,2025-03-07 13:37:36,P0131,S020,2,2.1,0.31,,2025-03-07 13:37:36
TXN00076440,2025-03-14 14:10:46,P0171,S013,2,9.68,0.0,,2025-03-14 14:10:46
TXN00131871,2025-04-30 13:03:43,P0015,S009,1,6.88,0.0,,2025-04-30 13:03:43
TXN00080662,2025-03-17 17:58:39,P0068,S011,2,2.52,0.0,,2025-03-17 17:58:39
TXN00112682,2025-04-13 19:05:27,P0068,S005,2,2.49,0.0,,2025-04-13 19:05:27
TXN00072678,2025-03-09 21:22:33,P0150,S012,4,15.05,0.0,,2025-03-09 21:22:33
TXN00102522,2025-04-05 17:16:52,P0161,S018,1,2.94,0.0,,2025-04-05 17:16:52
TXN00109973,2025-04-12 13:42:28,P0161,S011,1,2.89,0.0,,2025-04-12 13:42:28
TXN00039650,2025-02-08 14:10:03,P0049,S010,3,10.41,4.68,C001,2025-02-08 14:10:03
TXN00084215,2025-03-21 08:00:00,P0172,S014,4,3.79,0.0,,2025-03-21 08:00:00
TXN00061902,2025-03-01 14:45:48,P0068,S009,1,2.51,1.0,C036,2025-03-01 14:45:48
TXN00126908,2025-04-26 19:22:44,P0172,S007,2,3.64,1.46,C018,2025-04-26 19:22:44
TXN00093278,2025-03-29 19:25:56,P0021,S012,4,4.64,0.0,,2025-03-29 19:25:56
TXN00016464,2025-01-17 20:13:27,P0066,S001,1,5.93,0.0,,2025-01-17 20:13:27
TXN00102381,2025-04-05 13:23:54,P0074,S018,2,3.58,0.0,,2025-04-05 13:23:54
TXN00061357,2025-02-28 13:10:32,P0150,S004,2,14.96,0.0,,2025-02-28 13:10:32
TXN00068330,2025-03-06 10:47:57,P0207,S028,3,13.4,16.08,C024,2025-03-06 10:47:57
TXN00000821,2025-01-01 11:23:59,P0011,S021,1,5.15,0.0,,2025-01-01 11:23:59
TXN00115591,2025-04-17 18:50:05,P0079,S012,1,5.25,0.0,,2025-04-17 18:50:05
TXN00086560,2025-03-22 12:22:27,P0079,S007,1,5.25,0.0,,2025-03-22 12:22:27
TXN00121313,2025-04-21 13:47:02,P0215,S028,1,8.79,0.0,,2025-04-21 13:47:02
TXN00059256,2025-02-26 09:29:26,P0146,S027,2,1.8,0.0,,2025-02-26 09:29:26
TXN00028861,2025-01-29 20:26:12,P0011,S027,5,5.02,10.04,C015,2025-01-29 20:26:12
TXN00131998,2025-04-30 10:42:43,P0068,S028,3,2.51,0.0,,2025-04-30 10:42:43
TXN00071913,2025-03-09 21:59:24,P0068,S027,2,2.52,0.0,,2025-03-09 21:59:24
TXN00085220,2025-03-22 16:29:13,P0146,S014,2,1.86,0.0,,2025-03-22 16:29:13
TXN00009646,2025-01-10 17:29:27,P0171,S024,2,9.31,0.0,,2025-01-10 17:29:27
TXN00064957,2025-03-02 11:07:23,P0172,S023,2,3.66,0.0,,2025-03-02 11:07:23
TXN00047479,2025-02-15 21:59:24,P0163,S007,1,5.96,1.79,C017,2025-02-15 21:59:24
TXN00081984,2025-03-18 17:37:29,P0079,S027,1,5.3,0.0,,2025-03-18 17:37:29
TXN00028490,2025-01-28 21:45:53,P0203,S015,2,7.47,0.0,,2025-01-28 21:45:53
TXN00001174,2025-01-02 15:40:31,P0197,S012,2,26.3,0.0,,2025-01-02 15:40:31
TXN00097176,2025-03-31 18:35:14,P0193,S011,2,9.31,1.48,,2025-03-31 18:35:14
TXN00106111,2025-04-08 21:45:23,P0146,S026,2,1.83,0.92,C034,2025-04-08 21:45:23
TXN00032235,2025-02-01 17:48:26,P0025,S011,1,1.39,0.0,,2025-02-01 17:48:26
TXN00025163,2025-01-25 19:25:06,P0068,S006,1,2.6,0.0,,2025-01-25 19:25:06
TXN00103268,2025-04-05 12:38:54,P0087,S022,2,12.57,0.0,,2025-04-05 12:38:54
TXN00120495,2025-04-20 19:33:15,P0167,S006,3,1.83,0.0,,2025-04-20 19:33:15
TXN00066170,2025-03-04 11:51:23,P0007,S014,2,9.51,0.0,,2025-03-04 11:51:23
TXN00013448,2025-01-13 14:07:33,P0103,S001,2,2.37,0.0,,2025-01-13 14:07:33
TXN00059999,2025-02-27 17:46:28,P0137,S018,1,2.87,0.0,,2025-02-27 17:46:28
TXN00114504,2025-04-15 15:44:31,P0087,S018,2,12.79,0.0,,2025-04-15 15:44:31
TXN00088537,2025-03-24 21:01:48,P0146,S008,3,1.86,0.0,,2025-03-24 21:01:48
TXN00066116,2025-03-04 12:59:00,P0068,S021,4,2.5,4.0,C036,2025-03-04 12:59:00
TXN00106873,2025-04-09 13:26:57,P0079,S018,1,5.3,0.0,,2025-04-09 13:26:57
TXN00020051,2025-01-20 19:32:08,P0095,S024,2,3.01,0.17,,2025-01-20 19:32:08
TXN00059305,2025-02-26 11:35:22,P0068,S008,6,2.51,6.02,C036,2025-02-26 11:35:22
TXN00061060,2025-02-28 20:50:47,P0195,S018,3,4.7,0.0,,2025-02-28 20:50:47
TXN00023931,2025-01-24 13:30:15,P0150,S014,3,15.35,0.0,,2025-01-24 13:30:15
TXN00033362,2025-02-01 10:44:52,P0139,S023,2,2.46,0.0,,2025-02-01 10:44:52
TXN00065330,2025-03-03 19:11:30,P0068,S006,4,2.52,4.03,C036,2025-03-03 19:11:30
TXN00096632,2025-03-31 19:09:17,P0093,S005,2,4.78,0.24,,2025-03-31 19:09:17
TXN00075132,2025-03-12 11:31:09,P0125,S015,2,11.77,0.0,,2025-03-12 11:31:09
TXN00057946,2025-02-24 19:05:56,P0172,S012,1,3.6,0.0,,2025-02-24 19:05:56
TXN00076635,2025-03-14 16:15:37,P0150,S010,1,14.58,1.21,,2025-03-14 16:15:37
TXN00029283,2025-01-29 13:56:45,P0131,S027,4,2.21,0.0,,2025-01-29 13:56:45
TXN00056100,2025-02-23 18:43:15,P0163,S014,2,5.97,0.0,,2025-02-23 18:43:15
TXN00041781,2025-02-09 17:50:06,P0054,S014,2,6.94,0.0,,2025-02-09 17:50:06
TXN00039993,2025-02-08 11:55:34,P0181,S014,1,1.17,0.0,,2025-02-08 11:55:34
TXN00117876,2025-04-19 11:41:44,P0150,S012,1,15.28,0.0,,2025-04-19 11:41:44
TXN00100927,2025-04-04 20:40:15,P0150,S011,2,14.85,1.67,,2025-04-04 20:40:15
TXN00104852,2025-04-07 13:07:52,P0084,S028,2,15.69,4.71,C028,2025-04-07 13:07:52
TXN00105068,2025-04-07 13:34:24,P0121,S015,2,4.03,3.22,C023,2025-04-07 13:34:24
TXN00006541,2025-01-07 15:22:08,P0100,S024,1,1.23,0.0,,2025-01-07 15:22:08
TXN00038625,2025-02-07 10:35:51,P0146,S027,1,1.87,0.18,,2025-02-07 10:35:51
TXN00014358,2025-01-15 18:28:46,P0131,S020,2,2.21,0.0,,2025-01-15 18:28:46
TXN00034384,2025-02-02 11:05:23,P0150,S006,3,15.29,0.0,,2025-02-02 11:05:23
TXN00022617,2025-01-23 16:09:31,P0003,S011,1,12.06,0.0,,2025-01-23 16:09:31
TXN00045201,2025-02-13 20:21:12,P0123,S013,2,11.49,0.0,,2025-02-13 20:21:12
TXN00022837,2025-01-23 20:17:27,P0074,S028,1,3.67,0.0,,2025-01-23 20:17:27
TXN00097048,2025-03-31 21:39:09,P0087,S011,1,12.45,0.0,,2025-03-31 21:39:09
TXN00034153,2025-02-02 19:43:57,P0077,S001,-2,9.03,0.0,,2025-02-02 19:43:57
TXN00018228,2025-01-18 11:27:15,P0037,S023,2,18.08,0.0,,2025-01-18 11:27:15
TXN00123980,2025-04-24 19:05:45,P0048,S021,2,3.53,0.0,,2025-04-24 19:05:45
TXN00077848,2025-03-15 19:07:09,P0164,S001,2,7.91,0.0,,2025-03-15 19:07:09
TXN00050417,2025-02-17 19:15:13,P0159,S027,1,6.96,0.0,,2025-02-17 19:15:13
TXN00097649,2025-04-01 17:53:56,P0079,S006,1,5.42,0.0,,2025-04-01 17:53:56
TXN00102976,2025-04-05 21:59:24,P0050,S008,3,1.23,0.0,,2025-04-05 21:59:24
TXN00065307,2025-03-03 12:52:57,P0161,S027,-2,2.93,0.0,,2025-03-03 12:52:57
TXN00027079,2025-01-27 13:00:51,P0208,S012,1,8.95,0.0,,2025-01-27 13:00:51
TXN00078880,2025-03-15 11:49:15,P0207,S002,4,13.73,21.97,C024,2025-03-15 11:49:15
TXN00096208,2025-03-30 16:59:42,P0068,S014,2,2.6,0.0,,2025-03-30 16:59:42
TXN00102030,2025-04-05 19:48:04,P0146,S008,2,1.86,0.0,,2025-04-05 19:48:04
TXN00016538,2025-01-17 13:36:56,P0078,S014,4,9.33,0.0,,2025-01-17 13:36:56
TXN00092927,2025-03-28 17:46:35,P0071,S007,3,26.49,15.89,C013,2025-03-28 17:46:35
TXN00022006,2025-01-22 17:28:31,P0068,S006,2,2.59,0.0,,2025-01-22 17:28:31
TXN00038411,2025-02-07 21:59:24,P0190,S011,2,11.65,0.0,,2025-02-07 21:59:24
TXN00008097,2025-01-09 16:26:46,P0174,S012,1,5.12,0.14,,2025-01-09 16:26:46
TXN00022893,2025-01-23 14:05:12,P0079,S006,-2,5.43,0.0,,2025-01-23 14:05:12
TXN00076274,2025-03-13 18:56:11,P0150,S023,2,14.56,0.0,,2025-03-13 18:56:11
TXN00094762,2025-03-29 21:03:04,P0150,S006,2,15.16,0.0,,2025-03-29 21:03:04
TXN00077852,2025-03-15 10:53:05,P0113,S012,1,14.69,0.0,,2025-03-15 10:53:05
TXN00113963,2025-04-15 18:23:21,P0041,S014,1,6.79,0.0,,2025-04-15 18:23:21
TXN00083673,2025-03-20 20:45:21,P0129,S016,4,8.54,0.0,,2025-03-20 20:45:21
TXN00109418,2025-04-11 20:51:25,P0065,S006,1,1.22,0.0,,2025-04-11 20:51:25
TXN00004853,2025-01-05 12:32:28,P0174,S021,3,5.28,0.0,,2025-01-05 12:32:28
TXN00125544,2025-04-25 15:53:53,P0092,S007,2,4.6,0.0,,2025-04-25 15:53:53
TXN00038648,2025-02-07 21:59:24,P0139,S025,1,2.51,0.0,,2025-02-07 21:59:24
TXN00040785,2025-02-08 20:06:50,P0203,S026,2,7.51,0.0,,2025-02-08 20:06:50
TXN00029427,2025-01-29 20:15:39,P0008,S001,2,4.31,0.0,,2025-01-29 20:15:39
TXN00017875,2025-01-18 17:15:08,P0186,S015,1,2.75,0.0,,2025-01-18 17:15:08
TXN00001746,2025-01-02 08:18:13,P0025,S014,1,1.41,0.0,,2025-01-02 08:18:13
TXN00084769,2025-03-21 12:23:22,P0150,S027,1,14.66,0.0,,2025-03-21 12:23:22
TXN00053012,2025-02-20 19:35:54,P0150,S027,1,14.96,0.6,,2025-02-20 19:35:54
TXN00102565,2025-04-05 20:40:14,P0047,S024,1,12.6,0.0,,2025-04-05 20:40:14
TXN00101172,2025-04-04 13:22:02,P0111,S023,3,15.1,0.0,,2025-04-04 13:22:02
TXN00042042,2025-02-09 12:45:41,P0150,S006,2,14.94,1.62,,2025-02-09 12:45:41
TXN00030605,2025-01-31 11:43:17,P0128,S014,1,6.82,0.0,,2025-01-31 11:43:17
TXN00039163,2025-02-07 18:51:39,P0172,S026,1,3.8,0.0,,2025-02-07 18:51:39
TXN00115926,2025-04-17 16:23:12,P0150,S011,2,15.07,0.0,,2025-04-17 16:23:12
TXN00097682,2025-04-01 19:23:49,P0077,S016,3,8.87,0.0,,2025-04-01 19:23:49
TXN00076943,2025-03-14 11:28:06,P0150,S008,1,15.22,0.0,,2025-03-14 11:28:06
TXN00131454,2025-04-30 20:05:40,P0197,S018,1,26.52,0.0,,2025-04-30 20:05:40
TXN00107807,2025-04-10 11:24:35,P0131,S018,2,2.15,0.0,,2025-04-10 11:24:35
