campaign_key,campaign_id,campaign_name,product_key,product_id,product_name,category,brand,start_date,end_date,duration_days,discount_percentage,campaign_cost,campaign_revenue,campaign_units,campaign_gross_profit,baseline_window_days,baseline_daily_revenue,baseline_daily_units,expected_baseline_revenue,expected_baseline_units,incremental_revenue,incremental_units,incremental_gross_profit,roi,roi_margin_based,uplift_pct,is_profitable
12,C012,Pantry Stock-Up Feb,129,P0129,Northwind Juices 276,Beverages,Northwind,2025-02-22,2025-03-14,21,10.00,1845.34,4132.36,529,1106.48,28,85.1282,9.8214,1787.69,206.25,2344.67,322.75,498.54,0.2706,-0.7298,131.16,true
13,C013,Flash Friday Mar,71,P0071,Pinecrest Oral Care 678,Personal Care,Pinecrest,2025-03-24,2025-04-13,21,20.00,2355.10,19383.45,928,4414.81,28,301.3536,11.5714,6328.42,243.00,13055.03,685.00,2005.97,4.5433,-0.1482,206.29,true
14,C014,Loyalty Boost Feb,166,P0166,Halcyon Cleaners 170,Home Care,Halcyon,2025-02-15,2025-02-24,10,15.00,1014.39,1682.28,205,554.78,28,56.4321,5.8929,564.32,58.93,1117.96,146.07,314.57,0.1021,-0.6899,198.11,true
18,C018,Republic Day Bonanza Apr,172,P0172,Aurora Juices 547,Beverages,Aurora,2025-04-15,2025-04-28,14,20.00,3430.61,6217.65,2098,364.23,28,143.7150,39.0357,2012.01,546.50,4205.64,1551.50,-123.05,0.2259,-1.0359,209.03,true
6,C006,Buy More Save More Feb,107,P0107,Solera Air Care 391,Home Care,Solera,2025-02-09,2025-02-15,7,25.00,1099.27,240.66,109,37.92,28,13.6111,4.6429,95.28,32.50,145.38,76.50,3.09,-0.8677,-0.9972,152.58,false
9,C009,Festive Combo Feb,205,P0205,Solera Frozen Veg 844,Frozen,Solera,2025-02-24,2025-03-05,10,25.00,1384.51,2892.31,245,209.56,28,116.4207,7.3929,1164.21,73.93,1728.10,171.07,-145.13,0.2482,-1.1048,148.44,true
16,C016,Value Days Mar,54,P0054,Vantage Soft Drinks 588,Beverages,Vantage,2025-03-28,2025-04-10,14,10.00,1070.83,2958.03,486,785.61,28,75.2375,11.1786,1053.33,156.50,1904.70,329.50,431.84,0.7787,-0.5967,180.83,true
17,C017,New Year Kickoff Jan,163,P0163,Fairmont Milk 735,Dairy,Fairmont,2025-01-26,2025-02-15,21,30.00,3861.28,5205.42,1283,560.96,28,79.4071,13.7500,1667.55,288.75,3537.87,994.25,-61.32,-0.0838,-1.0159,212.16,false
23,C023,Spring Refresh Mar,121,P0121,Fairmont Cheese 156,Dairy,Fairmont,2025-03-27,2025-04-16,21,40.00,3042.29,2307.84,931,-596.88,28,24.1254,5.8571,506.63,123.00,1801.21,808.00,-719.75,-0.4079,-1.2366,355.53,false
5,C005,Family Pack Deal Mar,9,P0009,Greenfield Water 479,Beverages,Greenfield,2025-03-13,2025-03-26,14,10.00,911.04,999.25,166,416.59,28,31.5021,4.7143,441.03,66.00,558.22,100.00,207.22,-0.3873,-0.7725,126.57,false
10,C010,Health Kick Mar,149,P0149,Solera Paper Goods 443,Home Care,Solera,2025-03-08,2025-03-21,14,25.00,3004.60,1714.89,649,27.49,28,46.1032,13.1429,645.45,184.00,1069.44,465.00,-139.56,-0.6441,-1.0464,165.69,false
31,C031,Fresh Start Feb,201,P0201,Pinecrest Hair Care 394,Personal Care,Pinecrest,2025-02-27,2025-03-08,10,10.00,787.10,1615.76,183,523.25,28,74.5282,7.6429,745.28,76.43,870.48,106.57,234.25,0.1059,-0.7024,116.80,true
1,C001,New Year Kickoff Feb,49,P0049,Pinecrest Milk 397,Dairy,Pinecrest,2025-02-07,2025-02-20,14,15.00,2940.95,6556.36,730,2139.86,28,149.8118,14.2500,2097.37,199.50,4458.99,530.50,1249.47,0.5162,-0.5751,212.60,true
3,C003,Winter Clearance Mar,165,P0165,Silverline Skin Care 300,Personal Care,Silverline,2025-03-03,2025-03-30,28,10.00,1596.46,2071.49,428,312.41,28,27.1500,5.0714,760.20,142.00,1311.29,286.00,135.83,-0.1786,-0.9149,172.49,false
7,C007,Spring Refresh Jan,69,P0069,Kestrel Chocolate 809,Snacks,Kestrel,2025-01-29,2025-02-11,14,15.00,2467.46,5583.64,622,2081.78,28,171.8643,16.3214,2406.10,228.50,3177.54,393.50,962.13,0.2878,-0.6101,132.06,true
11,C011,Summer Cooler Mar,161,P0161,Silverline Soft Drinks 298,Beverages,Silverline,2025-03-07,2025-03-13,7,15.00,1483.42,3364.03,1348,1153.31,28,173.7979,59.3214,1216.59,415.25,2147.44,932.75,617.73,0.4476,-0.5836,176.51,true
26,C026,Health Kick Jan,51,P0051,Vantage Canned 739,Packaged Food,Vantage,2025-01-30,2025-02-08,10,40.00,2286.89,2768.13,304,-697.47,28,63.7721,4.2143,637.72,42.14,2130.41,261.86,-854.76,-0.0684,-1.3738,334.07,false
27,C027,Summer Cooler Feb,20,P0020,Blue Harbour Coffee & Tea 251,Beverages,Blue Harbour,2025-02-15,2025-02-21,7,10.00,942.35,1270.19,177,463.07,28,70.9314,9.0000,496.52,63.00,773.67,114.00,253.83,-0.1790,-0.7306,155.82,false
33,C033,New Year Kickoff Apr,50,P0050,Silverline Juices 210,Beverages,Silverline,2025-04-08,2025-04-21,14,15.00,1583.08,492.78,467,91.16,28,15.7589,12.7857,220.63,179.00,272.15,288.00,24.47,-0.8281,-0.9845,123.35,false
34,C034,Republic Day Bonanza Apr,146,P0146,Vantage Biscuits 364,Snacks,Vantage,2025-04-06,2025-04-26,21,25.00,3859.01,9089.21,6553,-216.05,28,160.6264,87.1786,3373.15,1830.75,5716.06,4722.25,-989.54,0.4812,-1.2564,169.46,true
25,C025,Festive Combo Mar,125,P0125,Vantage Chocolate 647,Snacks,Vantage,2025-03-27,2025-04-02,7,15.00,937.94,1439.24,146,119.40,28,82.7054,7.1429,578.94,50.00,860.30,96.00,-7.54,-0.0828,-1.0080,148.60,false
15,C015,Fresh Start Jan,11,P0011,Marlow Sauces 722,Packaged Food,Marlow,2025-01-23,2025-02-05,14,40.00,2081.63,2443.48,813,-710.96,28,43.2714,8.6429,605.80,121.00,1837.68,692.00,-847.28,-0.1172,-1.4070,303.35,false
19,C019,Winter Clearance Feb,96,P0096,Pinecrest Paper Goods 542,Home Care,Pinecrest,2025-02-16,2025-03-01,14,20.00,2025.65,11027.72,835,1784.27,28,294.1164,17.8929,4117.63,250.50,6910.09,584.50,439.67,2.4113,-0.7829,167.82,true
20,C020,Weekend Blitz Mar,47,P0047,Pinecrest Butter 767,Dairy,Pinecrest,2025-03-15,2025-03-28,14,20.00,1792.70,3275.16,332,459.80,28,68.3496,5.5714,956.90,78.00,2318.26,254.00,164.34,0.2932,-0.9083,242.27,true
29,C029,Flash Friday Feb,87,P0087,Vantage Cheese 753,Dairy,Vantage,2025-02-25,2025-03-03,7,30.00,3111.07,5727.33,639,-362.34,28,281.5893,22.0357,1971.13,154.25,3756.20,484.75,-863.46,0.2074,-1.2775,190.56,true
30,C030,Loyalty Boost Feb,8,P0008,Silverline Ice Cream 701,Frozen,Silverline,2025-02-13,2025-02-22,10,20.00,2032.59,3006.20,851,504.26,28,89.4550,20.3214,894.55,203.21,2111.65,647.79,207.16,0.0389,-0.8981,236.06,true
2,C002,Republic Day Bonanza Mar,48,P0048,Pinecrest Chocolate 421,Snacks,Pinecrest,2025-03-22,2025-04-18,28,10.00,4058.44,3024.09,977,1089.63,28,43.5775,12.7500,1220.17,357.00,1803.92,620.00,576.32,-0.5555,-0.8580,147.84,false
4,C004,Weekend Blitz Mar,15,P0015,Kestrel Nuts 127,Snacks,Kestrel,2025-03-24,2025-04-20,28,10.00,2236.15,3732.75,586,509.75,28,61.8254,8.7143,1731.11,244.00,2001.64,342.00,120.64,-0.1049,-0.9461,115.63,false
22,C022,Buy More Save More Feb,189,P0189,Blue Harbour Breakfast 209,Packaged Food,Blue Harbour,2025-02-25,2025-03-06,10,20.00,2074.50,3375.31,896,113.87,28,141.3554,30.1429,1413.55,301.43,1961.76,594.57,-202.48,-0.0543,-1.0976,138.78,false
28,C028,Pantry Stock-Up Mar,84,P0084,Greenfield Ice Cream 530,Frozen,Greenfield,2025-03-12,2025-04-08,28,15.00,2213.67,10529.06,779,3276.57,28,143.1518,9.0357,4008.25,253.00,6520.81,526.00,1623.75,1.9457,-0.2665,162.68,true
32,C032,Value Days Mar,130,P0130,Solera Sauces 738,Packaged Food,Solera,2025-03-31,2025-04-13,14,40.00,1759.76,3857.20,499,-738.59,28,105.6632,8.2143,1479.29,115.00,2377.91,384.00,-1158.73,0.3513,-1.6585,160.75,true
36,C036,Weekend Blitz Feb,68,P0068,Vantage Coffee & Tea 562,Beverages,Vantage,2025-02-26,2025-03-07,10,40.00,4063.28,12640.36,8243,1512.31,28,431.7200,169.1429,4317.20,1691.43,8323.16,6551.57,-521.46,1.0484,-1.1283,192.79,true
8,C008,Payday Special Jan,59,P0059,Kestrel Air Care 142,Home Care,Kestrel,2025-01-29,2025-02-11,14,15.00,1616.61,6504.80,413,1243.18,28,156.3750,8.4643,2189.25,118.50,4315.55,294.50,563.62,1.6695,-0.6514,197.12,true
21,C021,Family Pack Deal Apr,160,P0160,Solera Milk 792,Dairy,Solera,2025-04-08,2025-04-28,21,35.00,2190.14,1567.22,574,258.50,28,22.2396,5.3214,467.03,111.75,1100.19,462.25,46.26,-0.4977,-0.9789,235.57,false
24,C024,Payday Special Mar,207,P0207,Solera Cleaners 555,Home Care,Solera,2025-03-02,2025-03-15,14,40.00,3034.23,15041.15,1851,-3043.12,28,326.1254,24.1786,4565.76,338.50,10475.39,1512.50,-4301.73,2.4524,-2.4177,229.43,true
35,C035,Winter Clearance Mar,85,P0085,Marlow Coffee & Tea 571,Beverages,Marlow,2025-03-19,2025-03-28,10,25.00,1798.34,1826.51,305,100.21,28,40.1779,5.0714,401.78,50.71,1424.73,254.29,-14.53,-0.2078,-1.0081,354.60,false
